-- phpMyAdmin SQL Dump
-- version 5.2.1
-- https://www.phpmyadmin.net/
--
-- Host: 127.0.0.1
-- Generation Time: Sep 04, 2025 at 04:09 PM
-- Server version: 10.4.32-MariaDB
-- PHP Version: 8.2.12

SET SQL_MODE = "NO_AUTO_VALUE_ON_ZERO";
START TRANSACTION;
SET time_zone = "+00:00";


/*!40101 SET @OLD_CHARACTER_SET_CLIENT=@@CHARACTER_SET_CLIENT */;
/*!40101 SET @OLD_CHARACTER_SET_RESULTS=@@CHARACTER_SET_RESULTS */;
/*!40101 SET @OLD_COLLATION_CONNECTION=@@COLLATION_CONNECTION */;
/*!40101 SET NAMES utf8mb4 */;

--
-- Database: `timesheetpro-local_india`
--

-- --------------------------------------------------------

--
-- Table structure for table `actions`
--

CREATE TABLE `actions` (
  `action_id` bigint(20) NOT NULL,
  `action_name` varchar(255) DEFAULT NULL
) ENGINE=InnoDB DEFAULT CHARSET=utf8mb4 COLLATE=utf8mb4_general_ci;

--
-- Dumping data for table `actions`
--

INSERT INTO `actions` (`action_id`, `action_name`) VALUES
(1, 'Add'),
(2, 'Update'),
(3, 'Delete'),
(4, 'View');

-- --------------------------------------------------------

--
-- Table structure for table `attendance_penalty_rules`
--

CREATE TABLE `attendance_penalty_rules` (
  `id` int(11) NOT NULL,
  `company_id` int(11) DEFAULT NULL,
  `created_by` int(11) DEFAULT NULL,
  `rule_name` varchar(200) NOT NULL,
  `start_time` timestamp NOT NULL DEFAULT current_timestamp(),
  `end_time` timestamp NOT NULL DEFAULT current_timestamp(),
  `minutes` int(11) NOT NULL,
  `deduction_type` varchar(200) NOT NULL,
  `amount` int(11) DEFAULT NULL,
  `count` int(11) DEFAULT NULL,
  `is_early_exit` tinyint(1) DEFAULT NULL
) ENGINE=InnoDB DEFAULT CHARSET=utf8mb4 COLLATE=utf8mb4_general_ci;

--
-- Dumping data for table `attendance_penalty_rules`
--

INSERT INTO `attendance_penalty_rules` (`id`, `company_id`, `created_by`, `rule_name`, `start_time`, `end_time`, `minutes`, `deduction_type`, `amount`, `count`, `is_early_exit`) VALUES
(5, 120, 94, '5 min rule', '2025-08-18 18:30:00', '2025-08-18 18:35:00', 5, '5 Min Salary', NULL, 1, 0),
(6, 120, 96, '10 min rule', '2025-08-18 18:30:00', '2025-08-18 18:40:00', 10, '15 Min Salary', NULL, NULL, 0),
(7, 120, 96, '30 min rule', '2025-08-18 18:30:00', '2025-08-18 19:00:00', 30, '30 Min Salary', NULL, NULL, 0),
(8, 120, 96, '5min rule', '2025-08-19 18:30:00', '2025-08-19 18:35:00', 5, '5 Min Salary', NULL, NULL, 1),
(9, 120, 96, '15min rule', '2025-08-19 18:30:00', '2025-08-19 18:45:00', 15, '15 Min Salary', NULL, 0, 1),
(10, 122, 97, '10min Late', '2025-08-24 18:30:00', '2025-08-24 18:40:00', 10, 'Fixed Amount', 20, 0, 0),
(11, 122, 97, '15min Late', '2025-08-24 18:30:00', '2025-08-24 18:45:00', 15, '15 Min Salary', NULL, 1, 0),
(12, 122, 97, '15Min rule', '2025-08-24 18:30:00', '2025-08-24 18:45:00', 15, '15 Min Salary', NULL, 0, 1);

-- --------------------------------------------------------

--
-- Table structure for table `company_actions`
--

CREATE TABLE `company_actions` (
  `id` int(11) NOT NULL,
  `action_name` varchar(200) NOT NULL
) ENGINE=InnoDB DEFAULT CHARSET=utf8mb4 COLLATE=utf8mb4_general_ci;

--
-- Dumping data for table `company_actions`
--

INSERT INTO `company_actions` (`id`, `action_name`) VALUES
(1, 'Add'),
(2, 'Update'),
(3, 'Delete'),
(4, 'View');

-- --------------------------------------------------------

--
-- Table structure for table `company_details`
--

CREATE TABLE `company_details` (
  `id` int(11) NOT NULL,
  `company_no` varchar(200) NOT NULL,
  `company_name` varchar(250) NOT NULL,
  `DBA` varchar(200) NOT NULL,
  `email` varchar(200) NOT NULL,
  `phone` varchar(20) NOT NULL,
  `industry_name` varchar(250) NOT NULL,
  `website_url` varchar(250) NOT NULL,
  `company_logo` varchar(250) NOT NULL,
  `is_active` int(11) DEFAULT 1,
  `register_date` datetime DEFAULT NULL,
  `organization_type` varchar(250) DEFAULT NULL,
  `EIN` varchar(20) DEFAULT NULL
) ENGINE=InnoDB DEFAULT CHARSET=utf8mb4 COLLATE=utf8mb4_general_ci;

--
-- Dumping data for table `company_details`
--

INSERT INTO `company_details` (`id`, `company_no`, `company_name`, `DBA`, `email`, `phone`, `industry_name`, `website_url`, `company_logo`, `is_active`, `register_date`, `organization_type`, `EIN`) VALUES
(2, '2025040502', 'eMatrix', 'Gogle', 'eMatrix@gmail.com', '8956523147', 'IT', 'www.ematrix.com', 'http://localhost/timeSheetPro/usercontent/2/companyLogo/2018200032018-07-274155200green_plants.jpg', 1, '2025-04-15 00:00:00', 'Sole Proprietorship', '27ABCDE1234F1Z5'),
(107, '2025072401', 'Google', 'Google', 'google@gmail.com', '8956230124', 'IT', '', 'blob:http://localhost:3000/02699839-f956-43fe-9a89-720fefa082c5', 0, '2025-07-24 19:29:05', 'Partnership', '27ABCDE1234F1Z2'),
(120, '2025080501', 'Patel Pack', 'Patel Pack', 'patel_pack@rediffmail.com', '9328822889', 'Packaging Materials', 'https://www.patelpack.in/', 'http://localhost/timeSheetPro/usercontent/120/companyLogo/Screenshot_2025-08-06_183841.png', 1, '2025-08-05 12:49:12', 'Professional Limited Liability Company (PLLC)', '24ABCDE1234F1Z5'),
(122, '2025082501', 'test', '', 'test@gmail.com', '7895623012', 'IT', 'www.test.com', '', 1, '2025-08-25 11:31:58', 'Sole Proprietorship', '24ABCDE1234F1Z6');

-- --------------------------------------------------------

--
-- Table structure for table `company_employees`
--

CREATE TABLE `company_employees` (
  `id` int(11) NOT NULL,
  `company_id` int(11) DEFAULT NULL,
  `user_name` varchar(255) NOT NULL,
  `first_name` varchar(255) NOT NULL,
  `last_name` varchar(255) NOT NULL,
  `email` varchar(255) DEFAULT NULL,
  `password` varchar(250) NOT NULL,
  `phone` varchar(20) NOT NULL,
  `emergency_phone` varchar(11) DEFAULT NULL,
  `alt_phone` varchar(11) DEFAULT NULL,
  `role_id` int(11) DEFAULT NULL,
  `profile_image` varchar(200) DEFAULT NULL,
  `city` varchar(200) DEFAULT NULL,
  `state` varchar(200) DEFAULT NULL,
  `country` varchar(200) DEFAULT NULL,
  `hourly_rate` float DEFAULT NULL,
  `address1` varchar(250) DEFAULT NULL,
  `address2` varchar(250) DEFAULT NULL,
  `gender` varchar(10) DEFAULT NULL,
  `zip_code` varchar(10) DEFAULT NULL,
  `dob` date DEFAULT NULL,
  `pay_period` varchar(200) DEFAULT NULL,
  `hired_date` date DEFAULT NULL,
  `is_active` int(11) DEFAULT NULL,
  `middle_name` varchar(200) DEFAULT NULL,
  `shift_id` int(11) DEFAULT NULL,
  `department_id` bigint(20) DEFAULT NULL,
  `employee_type` int(11) DEFAULT NULL,
  `emergency_contact` varchar(200) DEFAULT NULL,
  `contact_phone` varchar(10) DEFAULT NULL,
  `relationship` varchar(200) DEFAULT NULL,
  `company_location` varchar(200) DEFAULT NULL,
  `check_geofence` int(11) NOT NULL DEFAULT 1,
  `embedding` longtext CHARACTER SET utf8mb4 COLLATE utf8mb4_bin DEFAULT NULL,
  `blood_group` varchar(10) DEFAULT NULL,
  `aadhar_image` varchar(255) DEFAULT NULL,
  `is_pf` tinyint(1) DEFAULT NULL,
  `pf_type` varchar(20) DEFAULT NULL,
  `pf_percentage` int(11) DEFAULT NULL,
  `pf_amount` int(11) DEFAULT NULL,
  `is_pt` tinyint(1) DEFAULT NULL,
  `pt_amount` int(11) DEFAULT NULL,
  `basic_salary` int(11) DEFAULT NULL,
  `gross_salary` int(11) DEFAULT NULL,
  `canteen_type` varchar(200) DEFAULT NULL,
  `canteen_amount` int(11) DEFAULT NULL,
  `lunch_break` int(11) DEFAULT NULL,
  `working_hours_include_lunch` int(11) DEFAULT NULL,
  `ot_id` int(11) DEFAULT NULL,
  `weekly_off` int(11) DEFAULT NULL,
  `holiday_template` int(11) DEFAULT NULL,
  `late_entry_penalty_rule` tinyint(1) NOT NULL DEFAULT 1,
  `early_exit_penalty_rule` tinyint(1) NOT NULL DEFAULT 1
) ENGINE=InnoDB DEFAULT CHARSET=utf8mb4 COLLATE=utf8mb4_general_ci;

--
-- Dumping data for table `company_employees`
--

INSERT INTO `company_employees` (`id`, `company_id`, `user_name`, `first_name`, `last_name`, `email`, `password`, `phone`, `emergency_phone`, `alt_phone`, `role_id`, `profile_image`, `city`, `state`, `country`, `hourly_rate`, `address1`, `address2`, `gender`, `zip_code`, `dob`, `pay_period`, `hired_date`, `is_active`, `middle_name`, `shift_id`, `department_id`, `employee_type`, `emergency_contact`, `contact_phone`, `relationship`, `company_location`, `check_geofence`, `embedding`, `blood_group`, `aadhar_image`, `is_pf`, `pf_type`, `pf_percentage`, `pf_amount`, `is_pt`, `pt_amount`, `basic_salary`, `gross_salary`, `canteen_type`, `canteen_amount`, `lunch_break`, `working_hours_include_lunch`, `ot_id`, `weekly_off`, `holiday_template`, `late_entry_penalty_rule`, `early_exit_penalty_rule`) VALUES
(28, 2, 'JayPatel', 'Jay', 'Patel', 'pjay41907@gmail.com', '12345', '8888888888', NULL, NULL, 2, 'blob:http://localhost:3000/898a5f80-6c29-44cc-aeea-0b58845ba119', 'Jamnagar', 'Delhi', 'India', 200, 'Jamnagar', 'Jamnagar', 'Male', '361002', NULL, '2', '2025-07-28', 1, 'A', 9, 1, 1, NULL, NULL, NULL, '[117]', 1, 'null', NULL, 'http://localhost/timeSheetPro/usercontent/2/employeeProfile/aadharImage/28/get-back-to-code-km_1.jpg', 1, 'Percentage', 12, NULL, 1, 200, 65000, 100000, 'Labour Type', 65, NULL, NULL, 4, NULL, NULL, 1, 1),
(79, 2, 'Rajan', 'Rajan', 'Ramavat', '', '123', '9895623012', NULL, NULL, 2, 'http://localhost/timeSheetPro/usercontent/2/employeeProfile/79/get-back-to-code-km_1_.jpg', 'Jamnagar', 'Gujarat', 'India', NULL, 'Jamnagar', 'Jamnagar', 'Male', '361004', '2025-06-21', '3', '2025-07-21', 1, 'R', 9, 1, 3, '', '', '', '[117]', 0, NULL, 'B+', 'http://localhost/timeSheetPro/usercontent/2/employeeProfile/aadharImage/79/programmer-wallpaper-hd-Archives-Developer-Kafasi.jpeg', 1, 'Percentage', 12, NULL, 1, 200, 50000, 80000, 'Office Type', 500, NULL, NULL, 2, NULL, NULL, 1, 1),
(87, 109, 'Rohan', 'Rohan', 'Patel', 'rohan@gmail.com', '123', '7894561230', NULL, NULL, NULL, '', 'jamnagar', 'Gujarat', 'India', 45, 'Jamnagar', '', 'Male', '361006', NULL, NULL, NULL, 0, NULL, 10, 1, NULL, NULL, NULL, NULL, '[185]', 1, NULL, NULL, NULL, NULL, NULL, NULL, NULL, NULL, NULL, NULL, NULL, NULL, NULL, NULL, NULL, NULL, NULL, NULL, 1, 1),
(88, 109, 'Akbar', 'Akbar', 'Shah', 'akbar@gmail.com', '123', '7894561203', NULL, NULL, NULL, '', 'Jamnagar', 'Gujarat', 'India', 45212, 'Jamnagar', '', 'Male', '352036', NULL, NULL, NULL, 0, NULL, 10, 3, NULL, NULL, NULL, NULL, '[185]', 1, NULL, NULL, NULL, NULL, NULL, NULL, NULL, NULL, NULL, NULL, NULL, NULL, NULL, NULL, NULL, NULL, NULL, NULL, 1, 1),
(89, 115, 'ok', 'Ok', 'ok', 'ok@gmail.coim', 'ok', '8956231012', NULL, NULL, NULL, NULL, NULL, NULL, NULL, NULL, NULL, NULL, NULL, NULL, NULL, NULL, NULL, 0, NULL, 10, 2, NULL, NULL, NULL, NULL, NULL, 1, NULL, NULL, NULL, NULL, NULL, NULL, NULL, NULL, NULL, NULL, NULL, NULL, NULL, NULL, NULL, NULL, NULL, NULL, 1, 1),
(90, 2, 'Shaunak', 'Shaunak', 'Purohit', '', '123', '8956230124', '7744114452', '', 190, 'http://localhost/timeSheetPro/usercontent/2/employeeProfile/90/plant-logo-design-herbs-logo-lawn-logo-template-f312e4e06c4132caec6d4d1c5986b56b_screen.jpg', 'Jamanagr', 'Gujarat', 'India', NULL, 'Jamnagar', '', 'Male', '361225', '1999-05-20', '1', '2025-06-06', 1, 'P', 9, 1, 3, '', NULL, NULL, '[117]', 0, NULL, 'B+', 'blob:http://localhost:3000/1fba60c2-e360-43d2-9028-45ad68bd7aef', 1, 'Percentage', 12, NULL, 1, 200, 66000, 89000, 'Office Type', 100, NULL, NULL, 4, NULL, NULL, 1, 1),
(92, 119, 'JayPatel', 'Jay', 'Patel', 'jay@gmail.com', '123', '7895623012', NULL, NULL, NULL, NULL, 'Jamnagar', 'Gujarat', 'India', NULL, 'Jamnagar', NULL, 'Male', '36106', NULL, '1', NULL, 1, NULL, NULL, NULL, 3, NULL, NULL, NULL, '[193]', 0, NULL, 'B+', NULL, 1, 'Percentage', 12, NULL, 1, 200, 30000, 55000, 'Office Type', 200, NULL, NULL, NULL, NULL, NULL, 1, 1),
(93, 119, 'Ritesh', 'Ritesh', 'Patel', '', '123', '8956231021', '', '', NULL, 'http://localhost/timeSheetPro/usercontent/119/employeeProfile/93/Screenshot_2025-07-23_173942.png', 'jamnagar', 'Gujarat', 'India', 150, 'Jamnagar', '', 'Male', '361006', '2025-08-04', '3', '2025-08-04', 1, 'P', NULL, NULL, 2, '', NULL, NULL, '[193]', 0, NULL, 'B+', 'blob:http://localhost:3000/e8cefa49-45db-4b85-b8b1-e6e7d6fc5135', 0, NULL, 0, 0, 0, 0, 65000, 75000, 'Office Type', 120, NULL, NULL, NULL, NULL, NULL, 1, 1),
(94, 120, 'Ritesh0094', 'Ritesh', 'Patel', 'ritesh@gmail.com', '123', '7895641205', '8956457810', NULL, 199, NULL, 'Jamnagar', 'Assam', 'India', NULL, 'Jamnagar', NULL, 'Male', '361006', NULL, '1', NULL, 1, NULL, 13, 13, 3, NULL, NULL, NULL, '[194]', 0, '[-0.009023251,0.08440501,-0.040406287,0.025633572,-0.01031276,0.032412123,0.013797721,-0.027505476,0.051998436,-0.01150647,0.054308154,0.020650396,0.0051439414,-0.018699547,-0.048476156,0.030246673,-0.0014009696,-0.021307133,-0.023862734,-0.060795013,-0.047776114,-0.007907757,-0.041910272,-0.013753709,0.006583383,-0.034294814,0.025196336,0.053561877,-0.020795869,-0.040769074,-0.03418636,-0.01678889,0.0090875635,0.033281308,0.050684173,0.08494208,-0.012161347,0.053078856,-0.03495216,0.083630085,0.03465066,-0.009813163,0.0039615775,0.0037174001,-0.023140665,0.016996874,0.03529626,-0.043391,0.007233274,0.03121713,-0.03574371,0.06541752,-0.057650525,-0.05056102,-0.049681637,-0.065564685,0.12571122,0.052491512,-0.008105876,-0.02061006,-0.12468725,0.042200696,-0.03462556,-0.042444266,0.091653064,-0.0035779225,-0.067096524,-0.047506116,0.04428805,4.5812645E-4,-0.027937956,0.056030154,0.054939132,0.0726082,-0.13487852,-0.06917878,-0.0367398,-0.00394977,-0.029154416,-0.051528446,0.012014567,-0.030667847,-0.009422176,-0.029080736,0.0014897265,0.10804227,0.030734658,-0.012534116,0.037494835,0.0076826187,0.035261672,-0.0011757861,0.005108371,-0.0101871025,-0.022788255,-0.024352081,0.0036175468,0.014046666,0.061693914,-0.10002774,-0.04063962,-0.061536677,-0.04097192,0.03919935,0.002707796,0.0309557,0.088432975,0.079836905,-0.0011265178,0.0015229769,-0.03214333,-0.039329287,0.0097895255,0.026485965,-0.023137514,-0.071265556,0.0015036899,0.05568259,0.012945981,0.004239765,-0.01380932,-0.0039147222,-0.013062109,0.09366064,0.06319311,-0.04338599,-0.07835954,-0.045585383,0.04086983,-0.04561462,-0.016031034,-0.043821096,-0.0053935423,0.005520901,-0.010324438,-0.045289222,-0.011510711,0.02542336,0.07186192,0.03192678,-0.01755698,0.03069267,0.003717514,-0.02060419,0.0710652,0.023529476,0.047590606,0.018376438,-0.042056303,0.024925282,-0.005897586,0.034016132,0.010465455,-0.040678617,-0.05707916,0.013400293,-0.0048483666,0.071407884,-0.0068127452,-0.0045700725,0.018678054,0.068916455,0.04756732,-0.00721555,0.028838065,0.016063655,-0.021904895,-0.051823184,-0.0064490926,-0.015193986,0.06732753,-0.08583386,0.08378177,-0.031438842,-0.026600981,-0.012137272,-0.071012944,0.04859191,-0.011127355,-0.0051667136,-0.009822764,0.04674997,-0.06507118,0.024231538,-0.014063774,-0.06792452,0.01811949,-0.034386393,-0.042555608,-0.009498535,-0.037594132,-0.020843467,-0.05497282,0.111061715,-0.0046343026,-0.0058332374,-0.044112977,0.09053736,-0.012674818,0.0032670104,0.09456365,0.032342926,-0.073299095,0.0034236005,0.10860977,-0.07431495,0.0064559737,0.0021046607,0.043779183,-0.010302246,0.01080681,-0.02390089,0.07892925,0.012201,-0.036872342,-0.027741207,0.024884809,0.008168868,-0.086864024,-0.04936533,-0.0021447032,-0.059764408,0.015081522,-0.06709382,0.012427083,0.03043018,0.013821791,0.033975873,-0.007734283,0.02430633,-0.017584942,0.085089915,0.016853627,-0.003983412,-0.019402087,0.038177993,-0.07918195,-0.013574668,0.013803345,0.0054434277,0.05480921,-0.045533724,-0.008807549,-0.051181823,-0.011476755,0.020083752,-0.0069481162,0.04881977,0.035947833,-0.030305307,0.072578736,-0.035480678,-0.09323909,0.023511209,0.085781366,0.08265923,-0.0048228805,0.026587257,-0.068842255,-0.114349574,-0.03884648,0.031603146,0.004658309,0.020904757,0.07153307,-0.048840947,0.0010331648,0.04935909,-0.0066504516,-0.060752816,-0.00693382,-0.015202799,0.035434924,-0.017923838,-0.02498209,-0.010835245,0.054150358,0.014791522,-0.078721,0.052681595,-0.08217933,-0.017187173,-0.04688713,-0.018473867,0.019629365,-0.0631152,0.057013858,0.0036894707,-0.0012371993,0.040331356,0.060643703,-0.070218764,0.06107738,-0.030755274,-0.020249467,-0.055093892,-0.011165015,-0.01455471,9.3169574E-4,-0.04393409,-0.026530834,-0.016148511,-0.03813194,-0.028304832,-0.0060148216,-0.014511702,0.06303402,0.01671785,-0.008974318,-0.041641194,0.024243096,-0.039279927,-0.033327952,-0.048457194,-0.08418187,-0.009346556,-0.06973363,-0.018812787,0.0037879955,0.094409175,-0.0024224182,0.054081198,-0.08175899,0.016541887,-0.0036481074,0.04874153,-0.02730468,0.028936075,-0.06826113,-0.03746426,-0.06158576,-0.018854523,0.03599191,0.06886224,-0.060985036,-0.017868906,-0.013220452,-0.09413314,-0.0018347346,-0.041914336,0.0072696856,-0.02990405,-0.006606836,-0.0131920595,-0.016958144,-0.02800232,0.020906173,0.006081445,0.081334576,0.009617017,0.062715404,0.014302216,0.043875743,0.03538327,0.011914179,0.020695264,-0.020294206,0.010012799,-0.006531401,-0.07190522,-0.0022209391,0.0061747017,0.058491036,-0.0073838467,0.03370642,0.010957583,-0.05416096,-0.02523442,0.014744081,0.018646182,-0.10374612,-0.016175928,-0.030427534,-0.0037721507,0.035662252,-0.011021511,-0.009886736,0.029550558,-0.10615185,0.059290253,0.04928675,-0.036654573,0.0021872702,0.06829633,0.020651212,-0.060417816,0.006464803,0.020111533,-0.029903434,-0.07119813,0.07152862,0.010656535,-0.007792575,0.0384967,-0.056010753,0.04970641,-0.0073272395,0.026326222,0.004638996,0.045690425,-0.06882608,-0.01735318,-0.010053612,0.008167588,-0.059651025,0.06211103,0.06582307,0.01931977,-0.009184002,-0.0107160965,-0.0887498,0.011036237,-0.046989206,-0.04452601,-0.03138956,-0.0011224,0.01934276,-0.03844243,0.020529013,0.008998647,0.02567551,-0.058850326,-0.017741185,-0.07301381,0.016690183,0.020886762,0.03445187,0.040580146,0.052403968,0.039700784,0.11691902,0.003917394,0.037135113,-0.041661758,-0.024893643,-0.078522205,-0.02769778,-0.017250717,-0.041678954,0.0061933524,-0.025247956,0.013369178,0.004077513,0.002465465,0.007861274,-0.0047491267,-0.021398641,0.0071524046,-0.018195404,-0.019973043,0.013021562,-0.03309907,-0.01755067,-0.015533086,-0.027088724,-0.0016710634,0.03753616,-0.06663754,-0.009817776,-0.06523436,0.053935487,-0.0072820312,-0.0041627646,0.0016290725,-0.025071666,0.03228348,-0.0054623527,-0.033582292,-0.006901924,0.04224949,0.013052254,-0.036569744,-0.06303133,-0.073538154,0.038331382,-0.06098748,-0.069975205,-0.004301101,0.024768611,0.079012364,0.112619676,-0.033187814,-0.037076227,0.06136744,-0.031601105,-0.0032102268,-0.027748397,0.029279832,0.0123828305,-0.0045036683,-0.11655407,2.0979006E-4,0.030675238,-0.057918515,-0.07190115,0.032175727,0.026454676,0.09505004,-0.041722443,0.05837389,-0.06497118,0.04131714,0.040301565,-0.019484095,0.09977956,0.03576163,-0.057188727,-0.018150011,0.019902688,-0.008084419,-0.032711875,-0.040233206]', 'B+', NULL, 1, 'Percentage', 12, NULL, 1, 200, 20000, 45000, 'Office Type', 200, 60, 1, NULL, 4, 1, 1, 1),
(96, 120, 'Jay0096', 'Jay', 'Patel', '', '123', '7895641203', '8956457840', '', 198, '', 'jamnagar', 'Gujarat', 'India', NULL, 'Jamnagar', '', 'Male', '361003', '2025-08-05', '3', '2025-08-03', 1, 'A', 13, 13, 3, '', NULL, NULL, '[194]', 0, '[0.05097257,0.06671579,0.040040098,-0.035928655,0.048404016,0.059626754,-0.027326144,-0.022525225,0.06506844,-0.040171184,0.026106916,-0.06681844,0.0075423787,-0.012893393,0.022262964,0.051198285,-0.008746754,0.044151746,0.06346157,-0.029260593,0.0045735184,-0.009114692,-0.035907187,-0.027696028,0.033392377,-0.04500048,0.0020434945,-0.009497036,-0.038697086,-0.056444243,-0.06037353,-0.025159724,0.048362873,-0.036782604,-0.07064618,0.011339698,1.7333649E-4,0.044913244,-0.10645642,0.022264304,0.027781015,-0.015797181,0.042827796,-0.0940571,-0.05678729,-0.041824553,-0.0353792,0.07580359,-0.036884647,0.012660518,-0.04319048,0.021177135,8.8954845E-4,-0.011601932,-0.013876292,0.058272075,0.08297796,0.033440888,0.032134973,0.047165092,0.033049278,0.03708609,-0.015816165,0.010232363,0.021266019,0.04651234,0.013219892,-0.08795086,-0.027110515,-0.034363654,-0.029627688,0.01741544,0.016287096,0.040612545,-0.053116176,0.0070318663,0.006112057,-0.08074838,0.047262747,0.006999104,-0.037856672,0.035292484,-0.04205941,0.029989494,-0.005086678,-0.02074269,-0.06387657,-0.048124548,-0.056147363,0.082161315,0.051229704,0.011368041,0.06741015,0.061986215,0.031220939,-0.054863106,0.0049628546,0.009751999,0.026881758,-0.013517921,0.049138445,0.022373002,0.06900067,0.036180783,-0.0022416862,0.0018692527,0.020149082,0.024657134,-0.0214803,-0.023272827,-0.06732333,0.019911734,-0.01097454,0.02056207,0.026355654,-0.04256404,-0.062204655,0.05000195,0.086288475,0.005502932,-0.035640407,0.019678297,-0.024768615,0.12826602,0.007336998,-0.05002552,-0.03994285,-4.4442102E-4,0.03091487,0.0449197,0.12773375,-0.014701079,-0.018962018,0.0050634104,9.155375E-4,-0.06907692,0.05956016,0.013425375,0.031395167,-0.00486657,-0.12659247,-0.08630492,0.010189117,0.015310463,0.017000295,0.06509468,-0.016563388,0.031137232,-0.056430284,0.014655079,0.05442959,0.03536254,-0.025497241,0.031990476,-0.028943114,-0.016490446,0.018483981,-0.010729533,0.05011199,0.032306675,-0.07538206,-0.0034023619,0.043982647,0.04071694,0.015775586,0.045755733,-0.107711114,0.014238157,0.0064181862,-0.011006193,0.08544494,-0.027870854,0.036346886,-0.11344577,-0.029949123,0.038430344,-0.0027100618,0.010266892,-0.029370556,0.008679348,0.070078,-0.05073248,0.019183071,0.032486413,0.009767623,0.024681015,-0.046461847,-0.0038912357,-0.014865101,-0.014275199,0.0021941948,-0.036119025,0.065790266,0.085199825,-0.0754611,0.037459873,0.017598368,0.020265443,-0.002720557,-0.0021938547,-0.052957777,-0.07310208,0.10982491,0.0017357393,-0.031144748,-0.01343592,0.006884133,-0.06117466,-0.0040211673,0.012035544,7.5617665E-4,0.057920497,0.047101762,0.051934723,0.03395637,0.03573643,0.038922925,-0.009260125,0.018677117,-0.04256882,-0.023870176,-0.029033033,0.008337857,0.054665226,0.031058496,0.062038288,-0.075410865,0.058994606,0.02309273,0.014365107,-0.0016146833,0.007619626,0.014123173,-0.014924102,-0.03459569,-0.06598941,0.038087875,0.0183062,-0.029040646,0.034549862,0.079087086,-0.026729101,-0.044472516,0.023277598,-0.0064984015,-0.01843599,-0.037553277,0.048236873,0.020443756,-0.06426349,0.06547795,0.055857994,0.06142237,-0.0020476365,-0.041561723,0.004400971,0.0050711725,0.04183235,-0.031765766,-0.047119748,0.06706276,-0.020022454,0.0036069897,0.06655821,-1.5122819E-4,0.021740962,-0.0038170589,-0.027616385,0.0030552247,-0.014096846,0.014253457,-0.006969088,0.043004837,0.014336559,-0.05773424,-7.474037E-4,-0.022799557,0.02295223,-0.06519134,0.07253602,0.012054993,0.025499132,-0.02073599,0.074128084,-0.06067859,0.036184818,0.098518275,0.01847788,-0.07329112,0.010261735,-0.05424733,0.03754296,-0.004395243,0.018884521,0.04979031,-0.0034601435,0.039619863,0.0052505033,-0.11402262,-0.0751136,-0.01644824,-0.08821434,-0.066424705,0.021165226,-9.938881E-4,-0.001303666,0.014843277,0.032434933,0.03574233,0.021363566,-0.01511668,-0.049191423,-0.037612032,0.026967516,-0.03049939,-0.0435587,0.035066534,-0.0153170135,0.036006007,-0.057668194,-0.01746701,0.06046618,9.528441E-5,0.047030553,0.03006567,0.03553148,0.004450239,-0.038915068,0.01602438,-0.009069598,0.038053915,-4.8589928E-4,-0.0068835197,-0.018661158,-0.05187036,0.072801836,8.792961E-4,0.013399685,-0.022955079,8.451261E-4,-0.04502405,0.0117514925,-0.00485328,-0.019205572,-0.021376936,-0.003276103,0.025741503,-0.034571543,0.10022088,0.0081999535,-0.026291957,0.026238922,-0.012155065,-0.022975441,-0.04959545,-0.021056574,-0.012733773,0.025706021,0.065143764,0.030855773,0.0061426084,-0.029023744,9.27978E-4,-0.012009455,-0.049156994,0.031153556,0.046153717,-0.017455814,-0.0039389627,-0.009866334,0.11172127,0.06811099,-0.02378991,-0.059044834,0.017274365,-0.03130369,9.812601E-4,0.06017944,-0.036585357,0.0354192,0.040574357,0.04417992,-0.050472304,0.095731035,0.049184043,-0.004195823,0.033866037,0.01065621,-0.02724694,-0.06797011,-0.016707504,0.018259995,-0.08327528,-0.047414776,-0.09148506,-0.004761835,0.0074386615,-0.03411836,-0.0076462454,-0.12664507,-0.005447597,0.0011116856,0.042558134,-0.04011262,-0.03143743,-0.018831113,0.075025655,-0.022688253,-0.0046943245,-0.008499032,-0.0027168596,-0.05531357,0.030184578,-0.1085488,0.07298651,0.036782194,0.00883089,-0.062970184,0.032016926,-0.044792812,0.0349539,0.020772425,-0.025572192,-0.01025303,0.085089,-0.0145802265,-0.023724914,-0.051654294,0.06189781,0.03065733,-0.019145435,0.049697373,0.07476048,0.023605917,-0.079050116,0.016995864,0.07767647,-0.011210389,0.043138023,0.027537191,-0.065741464,-0.009406925,-0.03646848,0.048247293,0.04532394,0.06258287,-0.009268264,-0.0022433132,0.04175106,-0.01162722,0.03934878,-0.06805756,0.0062948302,-0.099493474,0.016525228,0.060358644,-0.07331469,-0.006419016,0.03058969,-0.047580793,-0.03075528,-0.0053271684,0.011957286,-0.03739388,-0.01750171,0.08578841,0.008971196,-0.0076354966,9.930276E-4,0.012653468,0.023246724,0.100502305,-0.034110453,0.025922703,-0.05003135,0.025398158,0.00832198,0.06266538,-0.034596905,-0.04051505,-0.09901804,0.0055449884,0.049675733,0.05867527,-0.017054206,0.052238315,0.038952634,-0.1043348,-0.060860656,-0.006010366,0.014740092,0.005161254,0.077885,-0.061311584,-0.017396746,0.0077698487,0.031117532,0.04886882,-0.038056947,-0.039594777,0.09857979,0.04907199,-0.027948877,0.057790235,0.08391494,-0.037290983,-0.026209194,-0.011676389,0.037365094,0.028705735,-0.015850194,0.06355203]', 'B+', 'http://localhost/timeSheetPro/usercontent/120/employeeProfile/aadharImage/96/Screenshot_2025-07-23_171504.png', 1, 'Percentage', 12, NULL, 1, 200, 40000, 50000, 'Labour Type', 35, 60, 1, NULL, 1, 1, 1, 1),
(97, 122, 'Test0097', 'Test', 'Test', 'test@gmail.com', '123', '7895632010', '7895632014', NULL, 206, NULL, 'jamnagar', 'Gujarat', 'India', NULL, 'Jamnagar', NULL, 'Male', '361006', NULL, '1', NULL, 0, NULL, 15, 14, 3, NULL, NULL, NULL, '[196]', 0, NULL, NULL, NULL, 1, 'Percentage', 12, NULL, 1, 200, 50000, 60000, 'Office Type', 1000, 10, 1, 9, 5, 2, 1, 1),
(98, 122, 'Jay0098', 'Jay', 'Patel', '', '123', '8956231255', '8747477874', '', 204, '', 'Jamnagar', 'Gujarat', '', 1200, 'jamnagar', '', 'Male', '361006', '2025-07-25', '1', '2025-08-25', 1, 'A', 15, 15, 1, '', NULL, NULL, '[196]', 0, NULL, 'B+', '', 0, NULL, 0, 0, 0, 0, 160000, 200000, 'Office Type', 1000, 30, 1, 9, 5, NULL, 1, 1);

-- --------------------------------------------------------

--
-- Table structure for table `company_employee_roles`
--

CREATE TABLE `company_employee_roles` (
  `id` int(11) NOT NULL,
  `company_id` int(11) NOT NULL,
  `role_name` varchar(250) NOT NULL
) ENGINE=InnoDB DEFAULT CHARSET=utf8mb4 COLLATE=utf8mb4_general_ci;

--
-- Dumping data for table `company_employee_roles`
--

INSERT INTO `company_employee_roles` (`id`, `company_id`, `role_name`) VALUES
(2, 2, 'Admin'),
(36, 2, 'Managar'),
(78, 2, 'FrontEnd Developer'),
(190, 2, 'FullStack Developer'),
(191, 2, 'Owner'),
(198, 120, 'Owner'),
(199, 120, 'Manager'),
(200, 120, 'Admin'),
(204, 122, 'Owner'),
(205, 122, 'Manager'),
(206, 122, 'Admin');

-- --------------------------------------------------------

--
-- Table structure for table `company_functionality`
--

CREATE TABLE `company_functionality` (
  `id` int(11) NOT NULL,
  `functionality_name` varchar(200) NOT NULL
) ENGINE=InnoDB DEFAULT CHARSET=utf8mb4 COLLATE=utf8mb4_general_ci;

--
-- Dumping data for table `company_functionality`
--

INSERT INTO `company_functionality` (`id`, `functionality_name`) VALUES
(1, 'Company'),
(2, 'Users'),
(3, 'Permission'),
(4, 'Time Card'),
(6, 'Automation Rules');

-- --------------------------------------------------------

--
-- Table structure for table `company_modules`
--

CREATE TABLE `company_modules` (
  `id` int(11) NOT NULL,
  `module_name` varchar(200) NOT NULL,
  `functionality_id` int(11) DEFAULT NULL
) ENGINE=InnoDB DEFAULT CHARSET=utf8mb4 COLLATE=utf8mb4_general_ci;

--
-- Dumping data for table `company_modules`
--

INSERT INTO `company_modules` (`id`, `module_name`, `functionality_id`) VALUES
(1, 'User', 2),
(2, 'Manage Roles', 3),
(3, 'Manage Company', 1),
(5, 'Manage Employees', 1),
(6, 'Manage Departments', 3),
(8, 'Clock-In-Out', 4),
(9, 'Manage Shifts', 1),
(15, 'Salary Statement', 3),
(16, 'Overtime Rules', 6),
(18, 'Weekly Holidays', 6),
(19, 'Holidays Template', 6),
(20, 'Late Entry Rules', 6),
(21, 'Early Exit Rules', 6);

-- --------------------------------------------------------

--
-- Table structure for table `company_module_actions`
--

CREATE TABLE `company_module_actions` (
  `id` int(11) NOT NULL,
  `module_id` int(11) NOT NULL,
  `action_id` int(11) DEFAULT NULL
) ENGINE=InnoDB DEFAULT CHARSET=utf8mb4 COLLATE=utf8mb4_general_ci;

--
-- Dumping data for table `company_module_actions`
--

INSERT INTO `company_module_actions` (`id`, `module_id`, `action_id`) VALUES
(1, 2, 1),
(2, 2, 2),
(3, 2, 3),
(4, 2, 4),
(5, 1, 1),
(6, 1, 2),
(7, 1, 3),
(8, 1, 4),
(10, 3, 2),
(12, 3, 4),
(17, 5, 1),
(18, 5, 2),
(19, 5, 3),
(20, 5, 4),
(21, 6, 1),
(22, 6, 2),
(23, 6, 3),
(24, 6, 4),
(29, 8, 2),
(30, 8, 3),
(31, 9, 1),
(32, 9, 2),
(33, 9, 3),
(34, 9, 4),
(59, 15, 1),
(60, 15, 2),
(61, 15, 3),
(62, 15, 4),
(63, 8, 1),
(64, 8, 4),
(65, 16, 1),
(66, 16, 2),
(67, 16, 3),
(68, 16, 4),
(69, 18, 1),
(70, 18, 3),
(71, 18, 2),
(72, 18, 4),
(73, 19, 1),
(74, 19, 2),
(75, 19, 3),
(76, 19, 4),
(77, 20, 1),
(78, 20, 2),
(79, 20, 3),
(80, 20, 4),
(81, 21, 1),
(82, 21, 2),
(83, 21, 3),
(84, 21, 4);

-- --------------------------------------------------------

--
-- Table structure for table `company_role_module_actions`
--

CREATE TABLE `company_role_module_actions` (
  `id` int(11) NOT NULL,
  `role_Id` int(11) DEFAULT NULL,
  `module_action_Id` int(11) DEFAULT NULL
) ENGINE=InnoDB DEFAULT CHARSET=utf8mb4 COLLATE=utf8mb4_general_ci;

--
-- Dumping data for table `company_role_module_actions`
--

INSERT INTO `company_role_module_actions` (`id`, `role_Id`, `module_action_Id`) VALUES
(2606, 190, 12),
(2607, 190, 20),
(2608, 190, 34),
(2609, 190, 8),
(2610, 190, 4),
(2611, 190, 24),
(2612, 190, 62),
(2613, 190, 64),
(2614, 78, 12),
(2615, 78, 20),
(2616, 78, 34),
(2617, 78, 8),
(2618, 78, 4),
(2619, 78, 24),
(2620, 78, 62),
(2621, 78, 64),
(2655, 2, 10),
(2657, 2, 12),
(2658, 2, 17),
(2659, 2, 18),
(2660, 2, 19),
(2661, 2, 20),
(2662, 2, 31),
(2663, 2, 32),
(2664, 2, 33),
(2665, 2, 34),
(2666, 2, 5),
(2667, 2, 6),
(2668, 2, 7),
(2669, 2, 8),
(2670, 2, 1),
(2671, 2, 2),
(2672, 2, 3),
(2673, 2, 4),
(2674, 2, 21),
(2675, 2, 22),
(2676, 2, 23),
(2677, 2, 24),
(2678, 2, 59),
(2679, 2, 60),
(2680, 2, 61),
(2681, 2, 62),
(2682, 2, 63),
(2683, 2, 29),
(2684, 2, 30),
(2685, 2, 64),
(2686, 36, 12),
(2687, 36, 10),
(2688, 36, 20),
(2689, 36, 18),
(2690, 36, 34),
(2691, 36, 32),
(2692, 36, 8),
(2693, 36, 6),
(2694, 36, 4),
(2695, 36, 2),
(2696, 36, 24),
(2697, 36, 22),
(2698, 36, 62),
(2699, 36, 60),
(2700, 36, 64),
(2701, 36, 29),
(2703, 191, 10),
(2705, 191, 12),
(2706, 191, 17),
(2707, 191, 18),
(2708, 191, 19),
(2709, 191, 20),
(2710, 191, 31),
(2711, 191, 32),
(2712, 191, 33),
(2713, 191, 34),
(2714, 191, 5),
(2715, 191, 6),
(2716, 191, 7),
(2717, 191, 8),
(2718, 191, 1),
(2719, 191, 2),
(2720, 191, 3),
(2721, 191, 4),
(2722, 191, 21),
(2723, 191, 22),
(2724, 191, 23),
(2725, 191, 24),
(2726, 191, 59),
(2727, 191, 60),
(2728, 191, 61),
(2729, 191, 62),
(2730, 191, 63),
(2731, 191, 29),
(2732, 191, 30),
(2733, 191, 64),
(3193, 198, 10),
(3194, 198, 12),
(3195, 198, 17),
(3196, 198, 18),
(3197, 198, 19),
(3198, 198, 20),
(3199, 198, 31),
(3200, 198, 32),
(3201, 198, 33),
(3202, 198, 34),
(3203, 198, 1),
(3204, 198, 2),
(3205, 198, 3),
(3206, 198, 4),
(3207, 198, 21),
(3208, 198, 22),
(3209, 198, 23),
(3210, 198, 24),
(3211, 198, 59),
(3212, 198, 60),
(3213, 198, 61),
(3214, 198, 62),
(3215, 198, 63),
(3216, 198, 29),
(3217, 198, 30),
(3218, 198, 64),
(3219, 198, 65),
(3220, 198, 66),
(3221, 198, 67),
(3222, 198, 68),
(3223, 198, 69),
(3224, 198, 71),
(3225, 198, 70),
(3226, 198, 72),
(3227, 198, 73),
(3228, 198, 74),
(3229, 198, 75),
(3230, 198, 76),
(3231, 198, 77),
(3232, 198, 78),
(3233, 198, 79),
(3234, 198, 80),
(3235, 198, 81),
(3236, 198, 82),
(3237, 198, 83),
(3238, 198, 84),
(3239, 199, 10),
(3240, 199, 12),
(3241, 199, 17),
(3242, 199, 18),
(3243, 199, 19),
(3244, 199, 20),
(3245, 199, 31),
(3246, 199, 32),
(3247, 199, 33),
(3248, 199, 34),
(3249, 199, 1),
(3250, 199, 2),
(3251, 199, 3),
(3252, 199, 4),
(3253, 199, 21),
(3254, 199, 22),
(3255, 199, 23),
(3256, 199, 24),
(3257, 199, 59),
(3258, 199, 60),
(3259, 199, 61),
(3260, 199, 62),
(3261, 199, 63),
(3262, 199, 29),
(3263, 199, 30),
(3264, 199, 64),
(3265, 200, 10),
(3266, 200, 12),
(3267, 200, 17),
(3268, 200, 18),
(3269, 200, 19),
(3270, 200, 20),
(3271, 200, 31),
(3272, 200, 32),
(3273, 200, 33),
(3274, 200, 34),
(3275, 200, 1),
(3276, 200, 2),
(3277, 200, 3),
(3278, 200, 4),
(3279, 200, 21),
(3280, 200, 22),
(3281, 200, 23),
(3282, 200, 24),
(3283, 200, 59),
(3284, 200, 60),
(3285, 200, 61),
(3286, 200, 62),
(3287, 200, 63),
(3288, 200, 29),
(3289, 200, 30),
(3290, 200, 64),
(3291, 200, 65),
(3292, 200, 66),
(3293, 200, 67),
(3294, 200, 68),
(3295, 200, 69),
(3296, 200, 71),
(3297, 200, 70),
(3298, 200, 72),
(3299, 200, 73),
(3300, 200, 74),
(3301, 200, 75),
(3302, 200, 76),
(3303, 200, 77),
(3304, 200, 78),
(3305, 200, 79),
(3306, 200, 80),
(3307, 200, 81),
(3308, 200, 82),
(3309, 200, 83),
(3310, 200, 84),
(3455, 204, NULL),
(3456, 204, 10),
(3457, 204, NULL),
(3458, 204, 12),
(3459, 204, 17),
(3460, 204, 18),
(3461, 204, 19),
(3462, 204, 20),
(3463, 204, 31),
(3464, 204, 32),
(3465, 204, 33),
(3466, 204, 34),
(3467, 204, 1),
(3468, 204, 2),
(3469, 204, 3),
(3470, 204, 4),
(3471, 204, 21),
(3472, 204, 22),
(3473, 204, 23),
(3474, 204, 24),
(3475, 204, 59),
(3476, 204, 60),
(3477, 204, 61),
(3478, 204, 62),
(3479, 204, 63),
(3480, 204, 29),
(3481, 204, 30),
(3482, 204, 64),
(3483, 204, 65),
(3484, 204, 66),
(3485, 204, 67),
(3486, 204, 68),
(3487, 204, 69),
(3488, 204, 71),
(3489, 204, 70),
(3490, 204, 72),
(3491, 204, 73),
(3492, 204, 74),
(3493, 204, 75),
(3494, 204, 76),
(3495, 204, 77),
(3496, 204, 78),
(3497, 204, 79),
(3498, 204, 80),
(3499, 204, 81),
(3500, 204, 82),
(3501, 204, 83),
(3502, 204, 84),
(3503, 205, NULL),
(3504, 205, 10),
(3505, 205, NULL),
(3506, 205, 12),
(3507, 205, 17),
(3508, 205, 18),
(3509, 205, 19),
(3510, 205, 20),
(3511, 205, 31),
(3512, 205, 32),
(3513, 205, 33),
(3514, 205, 34),
(3515, 205, 1),
(3516, 205, 2),
(3517, 205, 3),
(3518, 205, 4),
(3519, 205, 21),
(3520, 205, 22),
(3521, 205, 23),
(3522, 205, 24),
(3523, 205, 59),
(3524, 205, 60),
(3525, 205, 61),
(3526, 205, 62),
(3527, 205, 63),
(3528, 205, 29),
(3529, 205, 30),
(3530, 205, 64),
(3531, 205, 65),
(3532, 205, 66),
(3533, 205, 67),
(3534, 205, 68),
(3535, 205, 69),
(3536, 205, 71),
(3537, 205, 70),
(3538, 205, 72),
(3539, 205, 73),
(3540, 205, 74),
(3541, 205, 75),
(3542, 205, 76),
(3543, 205, 77),
(3544, 205, 78),
(3545, 205, 79),
(3546, 205, 80),
(3547, 205, 81),
(3548, 205, 82),
(3549, 205, 83),
(3550, 205, 84),
(3551, 206, NULL),
(3552, 206, 10),
(3553, 206, NULL),
(3554, 206, 12),
(3555, 206, 17),
(3556, 206, 18),
(3557, 206, 19),
(3558, 206, 20),
(3559, 206, 31),
(3560, 206, 32),
(3561, 206, 33),
(3562, 206, 34),
(3563, 206, 1),
(3564, 206, 2),
(3565, 206, 3),
(3566, 206, 4),
(3567, 206, 21),
(3568, 206, 22),
(3569, 206, 23),
(3570, 206, 24),
(3571, 206, 59),
(3572, 206, 60),
(3573, 206, 61),
(3574, 206, 62),
(3575, 206, 63),
(3576, 206, 29),
(3577, 206, 30),
(3578, 206, 64),
(3579, 206, 65),
(3580, 206, 66),
(3581, 206, 67),
(3582, 206, 68),
(3583, 206, 69),
(3584, 206, 71),
(3585, 206, 70),
(3586, 206, 72),
(3587, 206, 73),
(3588, 206, 74),
(3589, 206, 75),
(3590, 206, 76),
(3591, 206, 77),
(3592, 206, 78),
(3593, 206, 79),
(3594, 206, 80),
(3595, 206, 81),
(3596, 206, 82),
(3597, 206, 83),
(3598, 206, 84);

-- --------------------------------------------------------

--
-- Table structure for table `company_shift`
--

CREATE TABLE `company_shift` (
  `id` int(11) NOT NULL,
  `shift_name` varchar(255) NOT NULL,
  `shift_type` varchar(250) NOT NULL,
  `time_start` timestamp NULL DEFAULT NULL,
  `time_end` timestamp NULL DEFAULT NULL,
  `hours` float DEFAULT NULL,
  `total_hours` int(11) DEFAULT NULL,
  `company_id` int(11) DEFAULT NULL
) ENGINE=InnoDB DEFAULT CHARSET=utf8mb4 COLLATE=utf8mb4_general_ci;

--
-- Dumping data for table `company_shift`
--

INSERT INTO `company_shift` (`id`, `shift_name`, `shift_type`, `time_start`, `time_end`, `hours`, `total_hours`, `company_id`) VALUES
(9, 'Morning Shift', 'Time Based', '2025-07-17 03:30:00', '2025-07-17 04:30:00', 0, 1, 2),
(10, 'Night Shift', 'Hourly', NULL, NULL, 1, 1, 2),
(13, 'Morning Shift', 'Time Based', '2025-08-05 03:45:00', '2025-08-05 11:45:00', 0, 8, 120),
(15, 'Morning Shift', 'Time Based', '2025-08-25 04:30:00', '2025-08-25 12:30:00', 0, 8, 122);

-- --------------------------------------------------------

--
-- Table structure for table `company_theme`
--

CREATE TABLE `company_theme` (
  `id` int(11) NOT NULL,
  `company_id` int(11) DEFAULT NULL,
  `side_navigation_bg_color` varchar(200) DEFAULT NULL,
  `content_bg_color` varchar(200) DEFAULT NULL,
  `content_bg_color2` varchar(255) DEFAULT NULL,
  `header_bg_color` varchar(255) DEFAULT NULL,
  `text_color` varchar(250) DEFAULT NULL,
  `primary_color` varchar(500) DEFAULT NULL,
  `icon_color` varchar(200) DEFAULT NULL
) ENGINE=InnoDB DEFAULT CHARSET=utf8mb4 COLLATE=utf8mb4_general_ci;

--
-- Dumping data for table `company_theme`
--

INSERT INTO `company_theme` (`id`, `company_id`, `side_navigation_bg_color`, `content_bg_color`, `content_bg_color2`, `header_bg_color`, `text_color`, `primary_color`, `icon_color`) VALUES
(1, 2, '#ffffff', '#F7F7F9', NULL, '#ffffff', '#262b43', '#666cff', '#262b43'),
(26, 107, '#ffffff', '#F5F5F7', NULL, '#ffffff', '#262b43', '#666cff', '#262b43'),
(39, 120, '#ffffff', '#F5F5F7', NULL, '#ffffff', '#262b43', '#666cff', '#262b43'),
(41, 122, '#ffffff', '#F5F5F7', NULL, '#ffffff', '#262b43', '#666cff', '#262b43');

-- --------------------------------------------------------

--
-- Table structure for table `contractor`
--

CREATE TABLE `contractor` (
  `id` bigint(20) NOT NULL,
  `contractor_name` varchar(255) DEFAULT NULL
) ENGINE=InnoDB DEFAULT CHARSET=utf8mb4 COLLATE=utf8mb4_general_ci;

--
-- Dumping data for table `contractor`
--

INSERT INTO `contractor` (`id`, `contractor_name`) VALUES
(1, 'Patel Jay'),
(2, 'Shaunak');

-- --------------------------------------------------------

--
-- Table structure for table `country_to_state`
--

CREATE TABLE `country_to_state` (
  `country_to_state_id` bigint(20) NOT NULL,
  `fk_country_id` bigint(20) NOT NULL,
  `state_long` char(100) DEFAULT NULL,
  `state_short` char(10) DEFAULT NULL,
  `state_capital` varchar(100) DEFAULT NULL
) ENGINE=MyISAM AVG_ROW_LENGTH=215 DEFAULT CHARSET=latin1 COLLATE=latin1_swedish_ci;

--
-- Dumping data for table `country_to_state`
--

INSERT INTO `country_to_state` (`country_to_state_id`, `fk_country_id`, `state_long`, `state_short`, `state_capital`) VALUES
(1, 102, 'Andhra Pradesh', 'AP', 'Hyderabad'),
(2, 102, 'Arunachal Pradesh', 'AR', 'Itanagar'),
(3, 102, 'Assam', 'AS', 'Dispur'),
(4, 102, 'Bihar', 'BR', 'Patna'),
(5, 102, 'Chhattisgarh', 'CT', 'Raipur'),
(6, 102, 'Goa', 'GA', 'Panji'),
(7, 102, 'Gujarat', 'GJ', 'Gandhinagar'),
(8, 102, 'Haryana', 'HR', 'Chandigarh'),
(9, 102, 'Himachal Pradesh', 'HP', 'Shimla'),
(10, 102, 'Jammu and Kashmir', 'JK', 'Srinagar'),
(11, 102, 'Jharkhand', 'JH', 'Ranchi'),
(12, 102, 'Karnataka', 'KA', 'Bangalore'),
(13, 102, 'Kerala', 'KL', 'Thiruvananthapuram'),
(14, 102, 'Madhya Pradesh', 'MP', 'Bhopal'),
(15, 102, 'Maharashtra', 'MH', 'Mumbai'),
(16, 102, 'Manipur', 'MN', 'Imphal'),
(17, 102, 'Meghalaya', 'ML', 'Shillong'),
(18, 102, 'Mizoram', 'MZ', 'Aizawl'),
(19, 102, 'Nagaland', 'NL', 'Kohima'),
(20, 102, 'Orissa', 'OR', 'Bhubaneshwar'),
(21, 102, 'Punjab', 'PB', 'Chandigarh'),
(22, 102, 'Rajasthan', 'RJ', 'Jaipur'),
(23, 102, 'Sikkim', 'SK', 'Gangtok'),
(24, 102, 'Tamil Nadu', 'TN', 'Chennai'),
(25, 102, 'Tripura', 'TR', 'Agartala'),
(26, 102, 'Uttar Pradesh', 'UP', 'Lucknow'),
(27, 102, 'Uttarakhand', 'UT', 'Dehradhum'),
(28, 102, 'West Benga', 'WB', 'Calcutta'),
(29, 102, 'Andaman and Nicobar', 'AN', 'Port Blair'),
(30, 102, 'Dadra and Nagar Haveli', 'DN', 'Silvassa'),
(31, 102, 'Delhi', 'DL', 'Delhi'),
(32, 102, 'Daman and Diu', 'DD', 'Daman'),
(33, 102, 'Lakshadweep', 'LD', 'Kavaratti'),
(34, 100, 'Alabama', 'AL', 'Montgomery'),
(35, 100, 'Alaska', 'AK', 'Juneau'),
(36, 100, 'Arizona', 'AZ', 'Phoenix'),
(37, 100, 'Arkansas', 'AR', 'Little Rock'),
(38, 100, 'California', 'CA', 'Sacramento'),
(39, 100, 'Colorado', 'CO', 'Denver'),
(40, 100, 'Connecticut', 'CT', 'Hartford'),
(41, 100, 'Delaware', 'DE', 'Dover'),
(42, 100, 'Dist.of Columbia', 'DC', 'NULL'),
(43, 100, 'Florida', 'FL', 'Tallahassee'),
(44, 100, 'Georgia', 'GA', 'Atlanta'),
(45, 100, 'Hawaii', 'HI', 'Honolulu'),
(46, 100, 'Idaho', 'ID', 'Boise'),
(47, 100, 'Illinois', 'IL', 'Springfield'),
(48, 100, 'Indiana', 'IN', 'Indianapolis'),
(49, 100, 'Iowa', 'IA', 'Des Moines'),
(50, 100, 'Kansas', 'KS', 'Topeka'),
(51, 100, 'Kentucky', 'KY', 'Frankfort'),
(52, 100, 'Louisiana', 'LA', 'Baton Rouge'),
(53, 100, 'Maine', 'ME', 'Augusta'),
(54, 100, 'Maryland', 'MD', 'Annapolis'),
(55, 100, 'Massachusetts', 'MA', 'Boston'),
(56, 100, 'Michigan', 'MI', 'Lansing'),
(57, 100, 'Minnesota', 'MN', 'Saint Paul'),
(58, 100, 'Mississippi', 'MS', 'Jackson'),
(59, 100, 'Missouri', 'MO', 'Jefferson City'),
(60, 100, 'Montana', 'MT', 'Helena'),
(61, 100, 'Nevada', 'NV', 'NULL'),
(62, 100, 'New Hampshire', 'NH', 'Concord'),
(63, 100, 'New Jersey', 'NJ', 'Trenton'),
(64, 100, 'New Mexico', 'NM', 'Santa Fe'),
(65, 100, 'New York', 'NY', 'Albany'),
(66, 100, 'North Carolina', 'NC', 'Raleigh'),
(67, 100, 'North Dakota', 'ND', 'Bismarck'),
(68, 100, 'Ohio', 'OH', 'Columbus'),
(69, 100, 'Oklahoma', 'OK', 'Oklahoma City'),
(70, 100, 'Oregon', 'OR', 'Salem'),
(71, 100, 'Pennsylvania', 'PA', 'Harrisburg'),
(72, 100, 'Rhode Island', 'RI', 'Providence'),
(73, 100, 'South Carolina', 'SC', 'Columbia'),
(74, 100, 'South Dakota', 'SD', 'Pierre'),
(75, 100, 'Tennessee', 'TN', 'Nashville'),
(76, 100, 'Texas', 'TX', 'Austin'),
(77, 100, 'Utah', 'UT', 'Salt Lake City'),
(78, 100, 'Vermont', 'VT', 'Montpelier'),
(79, 100, 'Washington', 'WA', 'Olympia'),
(80, 100, 'West Virginia', 'WV', 'Charleston'),
(81, 100, 'Wisconsin', 'WI', 'Madison'),
(82, 100, 'Wyoming', 'WY', 'Cheyenne'),
(83, 100, 'Nebraska', 'NE', 'Lincoln'),
(84, 16, 'Alberta', 'AB', 'Edmonton'),
(85, 16, 'British Columbia', 'BC', 'Victoria'),
(86, 16, 'Labrador', 'NL', 'St. John\'s'),
(87, 16, 'Manitoba', 'MB', 'Winnipeg'),
(88, 16, 'New Brunswick', 'NB', 'Fredericton'),
(89, 16, 'New Foundland', 'NL', 'St. John\'s'),
(90, 16, 'Northwest Territories', 'NT', 'Yellowknife'),
(91, 16, 'Nova Scotia', 'NS', 'Halifax'),
(92, 16, 'Ontario', 'ON', 'Toronto'),
(93, 16, 'Prince Edward Island', 'PE', 'Charlottetown'),
(94, 16, 'Quebec', 'QC', 'Quebec City'),
(95, 16, 'Saskatchewan', 'SK', 'Regina'),
(96, 16, 'Yukon', 'YT', 'Whitehorse'),
(136, 33, 'Aberdeenshire', 'ABD', 'NULL'),
(137, 33, 'Alderney', 'ALD', 'NULL'),
(138, 33, 'Anglesey', 'AGY', 'NULL'),
(139, 33, 'Angus', 'ANS', 'NULL'),
(140, 33, 'Argyllshire', 'ARL', 'NULL'),
(141, 33, 'Avon', 'AVN', 'NULL'),
(142, 33, 'Ayrshire', 'AYR', 'NULL'),
(143, 33, 'Banffshire', 'BAN', 'NULL'),
(144, 33, 'Bedfordshire', 'BDF', 'NULL'),
(145, 33, 'Berkshire', 'BRK', 'NULL'),
(146, 33, 'Berwickshire', 'BEW', 'NULL'),
(147, 33, 'Borders', 'BOR', 'NULL'),
(148, 33, 'Breconshire', 'BRE', 'NULL'),
(149, 33, 'Buckinghamshire', 'BKM', 'NULL'),
(150, 33, 'Bute', 'BUT', 'NULL'),
(151, 33, 'Caernarvonshire', 'CAE', 'NULL'),
(152, 33, 'Caithness', 'CAI', 'NULL'),
(153, 33, 'Cambridgeshire', 'CAM', 'NULL'),
(154, 33, 'Cardiganshire', 'CGN', 'NULL'),
(155, 33, 'Carmarthenshire', 'CMN', 'NULL'),
(156, 33, 'Central', 'CEN', 'NULL'),
(157, 33, 'Cheshire', 'CHS', 'NULL'),
(158, 33, 'Clackmannanshire', 'CLK', 'NULL'),
(159, 33, 'Cleveland', 'CLV', 'NULL'),
(160, 33, 'Clwyd', 'CWD', 'NULL'),
(161, 33, 'Co. Antrim', 'ANT', 'NULL'),
(162, 33, 'Co. Armagh', 'ARM', 'NULL'),
(163, 33, 'Co. Carlow', 'CAR', 'NULL'),
(164, 33, 'Co. Cavan', 'CAV', 'NULL'),
(165, 33, 'Co. Clare', 'CLA', 'NULL'),
(166, 33, 'Co. Cork', 'COR', 'NULL'),
(167, 33, 'Co. Donegal', 'DON', 'NULL'),
(168, 33, 'Co. Down', 'DOW', 'NULL'),
(169, 33, 'Co. Dublin', 'DUB', 'NULL'),
(170, 33, 'Co. Durham', 'DUR', 'NULL'),
(171, 33, 'Co. Fermanagh', 'FER', 'NULL'),
(172, 33, 'Co. Galway', 'GAL', 'NULL'),
(173, 33, 'Co. Kerry', 'KER', 'NULL'),
(174, 33, 'Co. Kildare', 'KID', 'NULL'),
(175, 33, 'Co. Kilkenny', 'KIK', 'NULL'),
(176, 33, 'Co. Laois', 'LEX', 'NULL'),
(177, 33, 'Co. Leitrim', 'LET', 'NULL'),
(178, 33, 'Co. Limerick', 'LIM', 'NULL'),
(179, 33, 'Co. Londonderry', 'LDY', 'NULL'),
(180, 33, 'Co. Longford', 'LOG', 'NULL'),
(181, 33, 'Co. Louth', 'LOU', 'NULL'),
(182, 33, 'Co. Mayo', 'MAY', 'NULL'),
(183, 33, 'Co. Meath', 'MEA', 'NULL'),
(184, 33, 'Co. Monaghan', 'MOG', 'NULL'),
(185, 33, 'Co. Offaly', 'OFF', 'NULL'),
(186, 33, 'Co. Roscommon', 'ROS', 'NULL'),
(187, 33, 'Co. Sligo', 'SLI', 'NULL'),
(188, 33, 'Co. Tipperary', 'TIP', 'NULL'),
(189, 33, 'Co. Tyrone', 'TYR', 'NULL'),
(190, 33, 'Co. Waterford', 'WAT', 'NULL'),
(191, 33, 'Co. Westmeath', 'WEM', 'NULL'),
(192, 33, 'Co. Wexford', 'WEX', 'NULL'),
(193, 33, 'Co. Wicklow', 'WIC', 'NULL'),
(194, 33, 'Cornwall', 'CON', 'NULL'),
(195, 33, 'Cumberland', 'CUL', 'NULL'),
(196, 33, 'Cumbria', 'CMA', 'NULL'),
(197, 33, 'Denbighshire', 'DEN', 'NULL'),
(198, 33, 'Derbyshire', 'DBY', 'NULL'),
(199, 33, 'Devon', 'DEV', 'NULL'),
(200, 33, 'Dorset', 'DOR', 'NULL'),
(201, 33, 'Dumfries and Galloway', 'DGY', 'NULL'),
(202, 33, 'Dumfries-shire', 'DFS', 'NULL'),
(203, 33, 'Dunbartonshire', 'DNB', 'NULL'),
(204, 33, 'Dyfed', 'DFD', 'NULL'),
(205, 33, 'East Lothian', 'ELN', 'NULL'),
(206, 33, 'East Riding of Yorkshire', 'ERY', 'NULL'),
(207, 33, 'East Sussex', 'SXE', 'NULL'),
(208, 33, 'Essex', 'ESS', 'NULL'),
(209, 33, 'Fife', 'FIF', 'NULL'),
(210, 33, 'Flintshire', 'FLN', 'NULL'),
(211, 33, 'Glamorgan', 'GLA', 'NULL'),
(212, 33, 'Gloucestershire', 'GLS', 'NULL'),
(213, 33, 'Grampian', 'GMP', 'NULL'),
(214, 33, 'Greater Manchester', 'GTM', 'NULL'),
(215, 33, 'Guernsey', 'GSY', 'NULL'),
(216, 33, 'Gwent', 'GNT', 'NULL'),
(217, 33, 'Gwynedd', 'GWN', 'NULL'),
(218, 33, 'Hampshire', 'HAM', 'NULL'),
(219, 33, 'Hereford and Worcester', 'HWR', 'NULL'),
(220, 33, 'Herefordshire', 'HEF', 'NULL'),
(221, 33, 'Hertfordshire', 'HRT', 'NULL'),
(222, 33, 'Highland', 'HLD', 'NULL'),
(223, 33, 'Humberside', 'HUM', 'NULL'),
(224, 33, 'Huntingdonshire', 'HUN', 'NULL'),
(225, 33, 'Inverness-shire', 'INV', 'NULL'),
(226, 33, 'Isle of Wight', 'IOW', 'NULL'),
(227, 33, 'Jersey', 'JSY', 'NULL'),
(228, 33, 'Kent', 'KEN', 'NULL'),
(229, 33, 'Kincardineshire', 'KCD', 'NULL'),
(230, 33, 'Kinross-shire', 'KRS', 'NULL'),
(231, 33, 'Kirkcudbrightshire', 'KKD', 'NULL'),
(232, 33, 'Lanarkshire', 'LKS', 'NULL'),
(233, 33, 'Lancashire', 'LAN', 'NULL'),
(234, 33, 'Leicestershire', 'LEI', 'NULL'),
(235, 33, 'Lincolnshire', 'LIN', 'NULL'),
(236, 33, 'Lothian', 'LTN', 'NULL'),
(237, 33, 'Merionethshire', 'MER', 'NULL'),
(238, 33, 'Merseyside', 'MSY', 'NULL'),
(239, 33, 'Mid Glamorgan', 'MGM', 'NULL'),
(240, 33, 'Midlothian', 'MLN', 'NULL'),
(241, 33, 'Monmouthshire', 'MON', 'NULL'),
(242, 33, 'Montgomeryshire', 'MGY', 'NULL'),
(243, 33, 'Morayshire', 'MOR', 'NULL'),
(244, 33, 'Nairn', 'NAI', 'NULL'),
(245, 33, 'Norfolk', 'NFK', 'NULL'),
(246, 33, 'North Riding of Yorkshire', 'NRY', 'NULL'),
(247, 33, 'North Yorkshire', 'NYK', 'NULL'),
(248, 33, 'Northamptonshire', 'NTH', 'NULL'),
(249, 33, 'Northumberland', 'NBL', 'NULL'),
(250, 33, 'Nottinghamshire', 'NTT', 'NULL'),
(251, 33, 'Orkney', 'OKI', 'NULL'),
(252, 33, 'Oxfordshire', 'OXF', 'NULL'),
(253, 33, 'Peebles-shire', 'PEE', 'NULL'),
(254, 33, 'Pembrokeshire', 'PEM', 'NULL'),
(255, 33, 'Perth', 'PER', 'NULL'),
(256, 33, 'Powys', 'POW', 'NULL'),
(257, 33, 'Radnorshire', 'RAD', 'NULL'),
(258, 33, 'Renfrewshire', 'RFW', 'NULL'),
(259, 33, 'Ross and Cromarty', 'ROC', 'NULL'),
(260, 33, 'Roxburghshire', 'ROX', 'NULL'),
(261, 33, 'Rutland', 'RUT', 'NULL'),
(262, 33, 'Sark', 'SRK', 'NULL'),
(263, 33, 'Selkirkshire', 'SEL', 'NULL'),
(264, 33, 'Shetland', 'SHI', 'NULL'),
(265, 33, 'Shropshire', 'SAL', 'NULL'),
(266, 33, 'Somerset', 'SOM', 'NULL'),
(267, 33, 'South Glamorgan', 'SGM', 'NULL'),
(268, 33, 'South Yorkshire', 'SYK', 'NULL'),
(269, 33, 'Staffordshire', 'STS', 'NULL'),
(270, 33, 'Stirlingshire', 'STI', 'NULL'),
(271, 33, 'Strathclyde', 'STD', 'NULL'),
(272, 33, 'Suffolk', 'SFK', 'NULL'),
(273, 33, 'Surrey', 'SRY', 'NULL'),
(274, 33, 'Sussex', 'SSX', 'NULL'),
(275, 33, 'Sutherland', 'SUT', 'NULL'),
(276, 33, 'Tayside', 'TAY', 'NULL'),
(277, 33, 'Tyne and Wear', 'TWR', 'NULL'),
(278, 33, 'Warwickshire', 'WAR', 'NULL'),
(279, 33, 'West Glamorgan', 'WGM', 'NULL'),
(280, 33, 'West Lothian', 'WLN', 'NULL'),
(281, 33, 'West Midlands', 'WMD', 'NULL'),
(282, 33, 'West Riding of Yorkshire', 'WRY', 'NULL'),
(283, 33, 'West Sussex', 'SXW', 'NULL'),
(284, 33, 'West Yorkshire', 'WYK', 'NULL'),
(285, 33, 'Western Isles', 'WIS', 'NULL'),
(286, 33, 'Westmorland', 'WES', 'NULL'),
(287, 33, 'Wigtownshire', 'WIG', 'NULL'),
(288, 33, 'Wiltshire', 'WIL', 'NULL'),
(289, 33, 'Worcestershire', 'WOR', 'NULL'),
(290, 33, 'Yorkshire', 'YKS', 'NULL');

-- --------------------------------------------------------

--
-- Table structure for table `departments`
--

CREATE TABLE `departments` (
  `id` bigint(20) NOT NULL,
  `department_name` varchar(255) DEFAULT NULL,
  `company_id` int(11) DEFAULT NULL
) ENGINE=InnoDB DEFAULT CHARSET=utf8mb4 COLLATE=utf8mb4_general_ci;

--
-- Dumping data for table `departments`
--

INSERT INTO `departments` (`id`, `department_name`, `company_id`) VALUES
(1, 'IT Department', 2),
(2, 'Front Office Department', 2),
(3, 'Housekeeping Department', 2),
(13, 'IT', 120),
(14, 'IT', 122),
(15, 'Account', 122);

-- --------------------------------------------------------

--
-- Table structure for table `employee_backaccount_info`
--

CREATE TABLE `employee_backaccount_info` (
  `id` int(11) NOT NULL,
  `account_type` varchar(100) DEFAULT NULL,
  `ifsc_code` varchar(20) DEFAULT NULL,
  `bank_name` varchar(255) DEFAULT NULL,
  `branch` varchar(100) DEFAULT NULL,
  `account_number` varchar(20) DEFAULT NULL,
  `employee_id` int(11) DEFAULT NULL,
  `passbook_image` varchar(250) DEFAULT NULL,
  `address` varchar(255) DEFAULT NULL
) ENGINE=InnoDB DEFAULT CHARSET=utf8mb4 COLLATE=utf8mb4_general_ci;

--
-- Dumping data for table `employee_backaccount_info`
--
-- --------------------------------------------------------

--
-- Table structure for table `employee_type`
--

CREATE TABLE `employee_type` (
  `id` int(11) NOT NULL,
  `name` varchar(200) NOT NULL
) ENGINE=InnoDB DEFAULT CHARSET=utf8mb4 COLLATE=utf8mb4_general_ci;

--
-- Dumping data for table `employee_type`
--

INSERT INTO `employee_type` (`id`, `name`) VALUES
(1, 'Contracted'),
(2, 'Hourly Based'),
(3, 'Salaried');

-- --------------------------------------------------------

--
-- Table structure for table `employment_info`
--

CREATE TABLE `employment_info` (
  `id` int(11) NOT NULL,
  `work_phone` varchar(10) DEFAULT NULL,
  `ext` varchar(200) DEFAULT NULL,
  `work_email` varchar(200) DEFAULT NULL,
  `hire_date` datetime DEFAULT NULL,
  `status` varchar(100) DEFAULT NULL,
  `paid_pension` varchar(10) DEFAULT NULL,
  `statutory_employee` varchar(10) DEFAULT NULL,
  `exclusion_indicator` varchar(250) DEFAULT NULL,
  `key_employee_indicator` varchar(10) DEFAULT NULL,
  `hce` varchar(200) DEFAULT NULL,
  `union_indicator` varchar(10) DEFAULT NULL,
  `eligibility_indicator` varchar(255) DEFAULT NULL,
  `employee_id` int(11) DEFAULT NULL
) ENGINE=InnoDB DEFAULT CHARSET=utf8mb4 COLLATE=utf8mb4_general_ci;

-- --------------------------------------------------------

--
-- Table structure for table `functionality`
--

CREATE TABLE `functionality` (
  `id` bigint(20) NOT NULL,
  `functionality_name` varchar(200) DEFAULT NULL
) ENGINE=InnoDB DEFAULT CHARSET=utf8mb4 COLLATE=utf8mb4_general_ci;

--
-- Dumping data for table `functionality`
--

INSERT INTO `functionality` (`id`, `functionality_name`) VALUES
(8, 'Company'),
(9, 'Users'),
(10, 'Permission');

-- --------------------------------------------------------

--
-- Table structure for table `holiday_templates`
--

CREATE TABLE `holiday_templates` (
  `id` int(11) NOT NULL,
  `name` varchar(200) NOT NULL,
  `company_id` int(11) DEFAULT NULL,
  `created_by` int(11) DEFAULT NULL
) ENGINE=InnoDB DEFAULT CHARSET=utf8mb4 COLLATE=utf8mb4_general_ci;

--
-- Dumping data for table `holiday_templates`
--

-- --------------------------------------------------------

--
-- Table structure for table `holiday_template_details`
--

CREATE TABLE `holiday_template_details` (
  `id` int(11) NOT NULL,
  `name` varchar(200) NOT NULL,
  `date` date NOT NULL,
  `holiday_template_id` int(11) NOT NULL
) ENGINE=InnoDB DEFAULT CHARSET=utf8mb4 COLLATE=utf8mb4_general_ci;

-- --------------------------------------------------------

--
-- Table structure for table `locations`
--

CREATE TABLE `locations` (
  `id` int(11) NOT NULL,
  `location_name` varchar(200) DEFAULT NULL,
  `time_zone` varchar(255) NOT NULL,
  `city` varchar(200) NOT NULL,
  `state` varchar(200) NOT NULL,
  `country` varchar(200) NOT NULL,
  `address1` varchar(250) DEFAULT NULL,
  `address2` varchar(250) DEFAULT NULL,
  `zip_code` varchar(20) DEFAULT NULL,
  `employee_count` varchar(100) NOT NULL,
  `company_id` int(11) DEFAULT NULL,
  `radar_external_id` varchar(200) DEFAULT NULL,
  `geofence_Id` varchar(200) DEFAULT NULL,
  `is_active` int(11) NOT NULL DEFAULT 1,
  `pay_period` int(11) DEFAULT NULL,
  `pay_period_start` date DEFAULT NULL,
  `pay_period_end` date DEFAULT NULL
) ENGINE=InnoDB DEFAULT CHARSET=utf8mb4 COLLATE=utf8mb4_general_ci;

--
-- Dumping data for table `locations`
--

-- --------------------------------------------------------

--
-- Table structure for table `module`
--

CREATE TABLE `module` (
  `module_id` bigint(20) NOT NULL,
  `module_name` varchar(255) DEFAULT NULL,
  `functionality_id` bigint(20) DEFAULT NULL
) ENGINE=InnoDB DEFAULT CHARSET=utf8mb4 COLLATE=utf8mb4_general_ci;

--
-- Dumping data for table `module`
--

INSERT INTO `module` (`module_id`, `module_name`, `functionality_id`) VALUES
(10, 'User', 9),
(13, 'Role', 10),
(16, 'Manage Company', 8);

-- --------------------------------------------------------

--
-- Table structure for table `module_actions`
--

CREATE TABLE `module_actions` (
  `module_action_Id` bigint(20) NOT NULL,
  `module_id` bigint(20) DEFAULT NULL,
  `action_id` bigint(20) DEFAULT NULL
) ENGINE=InnoDB DEFAULT CHARSET=utf8mb4 COLLATE=utf8mb4_general_ci;

--
-- Dumping data for table `module_actions`
--

INSERT INTO `module_actions` (`module_action_Id`, `module_id`, `action_id`) VALUES
(51, 10, 1),
(52, 10, 2),
(53, 10, 3),
(54, 10, 4),
(63, 13, 1),
(64, 13, 2),
(65, 13, 3),
(66, 13, 4),
(75, 16, 1),
(76, 16, 2),
(77, 16, 3),
(78, 16, 4);

-- --------------------------------------------------------

--
-- Table structure for table `overtime_rules`
--

CREATE TABLE `overtime_rules` (
  `id` int(11) NOT NULL,
  `rule_name` varchar(255) NOT NULL,
  `start_time` timestamp NULL DEFAULT NULL,
  `end_time` timestamp NULL DEFAULT NULL,
  `ot_minutes` int(11) NOT NULL,
  `ot_amount` float DEFAULT NULL,
  `ot_type` varchar(200) NOT NULL,
  `company_id` int(11) DEFAULT NULL,
  `created_by` int(11) DEFAULT NULL
) ENGINE=InnoDB DEFAULT CHARSET=utf8mb4 COLLATE=utf8mb4_general_ci;

--
-- Dumping data for table `overtime_rules`
--
-- --------------------------------------------------------

--
-- Table structure for table `roles`
--

CREATE TABLE `roles` (
  `role_id` bigint(20) NOT NULL,
  `role_name` varchar(200) DEFAULT NULL
) ENGINE=InnoDB DEFAULT CHARSET=utf8mb4 COLLATE=utf8mb4_general_ci;

--
-- Dumping data for table `roles`
--

INSERT INTO `roles` (`role_id`, `role_name`) VALUES
(1, 'Admin'),
(11, 'Managar'),
(12, 'Developer');

-- --------------------------------------------------------

--
-- Table structure for table `role_module_actions`
--

CREATE TABLE `role_module_actions` (
  `role_action_Id` bigint(20) NOT NULL,
  `role_Id` bigint(20) DEFAULT NULL,
  `module_action_Id` bigint(20) DEFAULT NULL
) ENGINE=InnoDB DEFAULT CHARSET=utf8mb4 COLLATE=utf8mb4_general_ci;

--
-- Dumping data for table `role_module_actions`
--

INSERT INTO `role_module_actions` (`role_action_Id`, `role_Id`, `module_action_Id`) VALUES
(450, 11, 51),
(451, 11, 52),
(452, 11, 53),
(453, 11, 54),
(454, 11, 63),
(455, 11, 64),
(456, 11, 65),
(457, 11, 66),
(458, 11, 75),
(459, 11, 76),
(460, 11, 77),
(461, 11, 78),
(485, 1, 75),
(486, 1, 77),
(487, 1, 78),
(488, 1, 76),
(489, 1, 51),
(490, 1, 52),
(491, 1, 53),
(492, 1, 54),
(493, 1, 63),
(494, 1, 64),
(495, 1, 65),
(496, 1, 66),
(497, 12, 78),
(498, 12, 54),
(499, 12, 66);

-- --------------------------------------------------------

--
-- Table structure for table `salary_statement_history`
--

CREATE TABLE `salary_statement_history` (
  `id` int(11) NOT NULL,
  `clock_in_out_id` int(11) DEFAULT NULL,
  `company_id` int(11) NOT NULL,
  `employee_id` int(11) NOT NULL,
  `employee_name` varchar(200) NOT NULL,
  `department_id` int(11) NOT NULL,
  `department_name` varchar(200) NOT NULL,
  `basic_salary` int(11) NOT NULL,
  `total_earn_salary` int(11) NOT NULL,
  `ot_amount` int(11) NOT NULL,
  `pf_amount` int(11) DEFAULT NULL,
  `total_pf_amount` int(11) NOT NULL,
  `pf_percentage` int(11) DEFAULT NULL,
  `pt_amount` int(11) DEFAULT NULL,
  `total_earnings` int(11) NOT NULL,
  `total_deductions` int(11) NOT NULL,
  `total_penalty_amount` int(11) NOT NULL DEFAULT 0,
  `other_deductions` int(11) NOT NULL,
  `net_salary` int(11) NOT NULL,
  `salary_month_and_year` varchar(20) DEFAULT NULL,
  `salary_month` int(11) DEFAULT NULL,
  `salary_year` int(11) DEFAULT NULL,
  `total_paid_days` int(11) NOT NULL,
  `working_days` int(11) NOT NULL,
  `total_days` int(11) DEFAULT NULL,
  `note` varchar(200) DEFAULT NULL,
  `generated_by` int(11) DEFAULT NULL,
  `generated_date` date DEFAULT current_timestamp()
) ENGINE=InnoDB DEFAULT CHARSET=utf8mb4 COLLATE=utf8mb4_general_ci;

--
-- Dumping data for table `salary_statement_history`
--

-- --------------------------------------------------------

--
-- Table structure for table `salary_statement_master`
--

CREATE TABLE `salary_statement_master` (
  `id` int(11) NOT NULL,
  `company_id` int(11) DEFAULT NULL,
  `month` int(11) NOT NULL,
  `year` int(11) NOT NULL,
  `total_salary` int(11) NOT NULL,
  `total_pf` int(11) NOT NULL,
  `total_pt` int(11) NOT NULL,
  `note` varchar(200) DEFAULT NULL
) ENGINE=InnoDB DEFAULT CHARSET=utf8mb4 COLLATE=utf8mb4_general_ci;

--
-- Dumping data for table `salary_statement_master`
--


-- --------------------------------------------------------

--
-- Table structure for table `tbl_country`
--

CREATE TABLE `tbl_country` (
  `id` int(11) NOT NULL,
  `iso2` char(2) DEFAULT NULL,
  `cnt_name` varchar(80) NOT NULL,
  `long_name` varchar(80) NOT NULL DEFAULT '',
  `oid` int(11) DEFAULT NULL,
  `cnt_code` varchar(255) CHARACTER SET utf8 COLLATE utf8_general_ci DEFAULT NULL,
  `phone_min_length` int(11) DEFAULT 0,
  `phone_max_length` int(11) DEFAULT 0
) ENGINE=MyISAM DEFAULT CHARSET=latin1 COLLATE=latin1_swedish_ci ROW_FORMAT=COMPRESSED;

--
-- Dumping data for table `tbl_country`
--

INSERT INTO `tbl_country` (`id`, `iso2`, `cnt_name`, `long_name`, `oid`, `cnt_code`, `phone_min_length`, `phone_max_length`) VALUES
(1, 'AF', 'Afghanistan', 'Islamic Republic of Afghanistan', 3, '+93', 7, 9),
(2, 'AX', 'Aland Islands', '&Aring;land Islands', 4, '+358', 7, 10),
(3, 'AL', 'Albania', 'Republic of Albania', 5, '+355', 3, 9),
(4, 'DZ', 'Algeria', 'People\'s Democratic Republic of Algeria', 6, '+213', 0, 9),
(5, 'AS', 'American Samoa', 'American Samoa', 7, '+1', 0, 10),
(6, 'AD', 'Andorra', 'Principality of Andorra', 8, '+376', 3, 6),
(7, 'AO', 'Angola', 'Republic of Angola', 9, '+244', 0, 9),
(8, 'AI', 'Anguilla', 'Anguilla', 10, '+1264', 0, 10),
(9, 'AQ', 'Antarctica', 'Antarctica', 11, '+672', 0, 6),
(10, 'AG', 'Antigua and Barbuda', 'Antigua and Barbuda', 12, '+1', 0, 10),
(11, 'AR', 'Argentina', 'Argentine Republic', 13, '+54', 0, 10),
(12, 'AM', 'Armenia', 'Republic of Armenia', 14, '+374', 0, 8),
(13, 'AW', 'Aruba', 'Aruba', 15, '+297', 0, 7),
(14, 'AU', 'Australia', 'Commonwealth of Australia', 16, '+61', 0, 9),
(15, 'AT', 'Austria', 'Republic of Austria', 17, '+43', 10, 11),
(16, 'CA', 'Canada', 'Canada', 2, '+1', 0, 10),
(17, 'BS', 'Bahamas', 'Commonwealth of The Bahamas', 19, '+1242', 0, 10),
(18, 'BH', 'Bahrain', 'Kingdom of Bahrain', 20, '+973', 0, 8),
(19, 'BD', 'Bangladesh', 'People\'s Republic of Bangladesh', 21, '+880', 6, 10),
(20, 'BB', 'Barbados', 'Barbados', 22, '+1246', 0, 10),
(21, 'BY', 'Belarus', 'Republic of Belarus', 23, '+375', 8, 10),
(22, 'BE', 'Belgium', 'Kingdom of Belgium', 24, '+32', 0, 10),
(23, 'BZ', 'Belize', 'Belize', 25, '+501', 0, 7),
(24, 'BJ', 'Benin', 'Republic of Benin', 26, '+229', 0, 8),
(25, 'BM', 'Bermuda', 'Bermuda Islands', 27, '+1441', 0, 10),
(26, 'BT', 'Bhutan', 'Kingdom of Bhutan', 28, '+975', 7, 8),
(27, 'BO', 'Bolivia', 'Plurinational State of Bolivia', 29, '+591', 0, 8),
(28, 'BQ', 'Bonaire, Sint Eustatius and Saba', 'Bonaire, Sint Eustatius and Saba', 30, '+599', 0, 7),
(29, 'BA', 'Bosnia and Herzegovina', 'Bosnia and Herzegovina', 31, '+387', 0, 8),
(30, 'BW', 'Botswana', 'Republic of Botswana', 32, '+267', 7, 8),
(31, 'BV', 'Bouvet Island', 'Bouvet Island', 33, NULL, 0, 0),
(32, 'BR', 'Brazil', 'Federative Republic of Brazil', 34, '+55', 0, 10),
(33, 'IO', 'British Indian Ocean Territory', 'British Indian Ocean Territory', 35, '+246', 0, 8),
(34, 'BN', 'Brunei', 'Brunei Darussalam', 36, '+673', 0, 7),
(35, 'BG', 'Bulgaria', 'Republic of Bulgaria', 37, '+359', 7, 9),
(36, 'BF', 'Burkina Faso', 'Burkina Faso', 38, '+226', 0, 8),
(37, 'BI', 'Burundi', 'Republic of Burundi', 39, '+257', 0, 8),
(38, 'KH', 'Cambodia', 'Kingdom of Cambodia', 40, '+855', 0, 8),
(39, 'CM', 'Cameroon', 'Republic of Cameroon', 41, '+237', 0, 8),
(40, 'AZ', 'Azerbaijan', 'Republic of Azerbaijan', 42, '+994', 9, 9),
(41, 'CV', 'Cape Verde', 'Republic of Cape Verde', 43, '+238', 0, 7),
(42, 'KY', 'Cayman Islands', 'The Cayman Islands', 44, '+1345', 0, 7),
(43, 'CF', 'Central African Republic', 'Central African Republic', 45, '+236', 0, 8),
(44, 'TD', 'Chad', 'Republic of Chad', 46, '+235', 0, 8),
(45, 'CL', 'Chile', 'Republic of Chile', 47, '+56', 8, 9),
(46, 'CN', 'China', 'People\'s Republic of China', 48, '+86', 5, 12),
(47, 'CX', 'Christmas Island', 'Christmas Island', 49, '+61', 0, 9),
(48, 'CC', 'Cocos (Keeling) Islands', 'Cocos (Keeling) Islands', 50, '+61', 0, 9),
(49, 'CO', 'Colombia', 'Republic of Colombia', 51, '+57', 0, 10),
(50, 'KM', 'Comoros', 'Union of the Comoros', 52, '+269', 7, 7),
(51, 'CG', 'Congo', 'Republic of the Congo', 53, '+242', 9, 9),
(52, 'CK', 'Cook Islands', 'Cook Islands', 54, '+682', 0, 5),
(53, 'CR', 'Costa Rica', 'Republic of Costa Rica', 55, '+506', 0, 8),
(54, 'CI', 'Ivory Coast', 'Republic of C&ocirc;te D\'Ivoire (Ivory Coast)', 56, '+225', 0, 10),
(55, 'HR', 'Croatia', 'Republic of Croatia', 57, '+385', 8, 12),
(56, 'CU', 'Cuba', 'Republic of Cuba', 58, '+53', 6, 8),
(57, 'CW', 'Curacao', 'Cura&ccedil;ao', 59, '+599', 0, 7),
(58, 'CY', 'Cyprus', 'Republic of Cyprus', 60, '+357', 8, 11),
(59, 'CZ', 'Czech Republic', 'Czech Republic', 61, '+42', 4, 12),
(60, 'CD', 'Democratic Republic of the Congo', 'Democratic Republic of the Congo', 62, '+243', 0, 9),
(61, 'DK', 'Denmark', 'Kingdom of Denmark', 63, '+45', 0, 8),
(62, 'DJ', 'Djibouti', 'Republic of Djibouti', 64, '+253', 0, 6),
(63, 'DM', 'Dominica', 'Commonwealth of Dominica', 65, '+1809', 0, 10),
(64, 'DO', 'Dominican Republic', 'Dominican Republic', 66, '+1809', 0, 10),
(65, 'EC', 'Ecuador', 'Republic of Ecuador', 67, '+593', 0, 8),
(66, 'EG', 'Egypt', 'Arab Republic of Egypt', 68, '+20', 7, 9),
(67, 'SV', 'El Salvador', 'Republic of El Salvador', 69, '+503', 7, 11),
(68, 'GQ', 'Equatorial Guinea', 'Republic of Equatorial Guinea', 70, '+240', 0, 6),
(69, 'ER', 'Eritrea', 'State of Eritrea', 71, '+291', 0, 7),
(70, 'EE', 'Estonia', 'Republic of Estonia', 72, '+372', 7, 12),
(71, 'ET', 'Ethiopia', 'Federal Democratic Republic of Ethiopia', 73, '+251', 0, 9),
(72, 'FK', 'Falkland Islands (Malvinas)', 'The Falkland Islands (Malvinas)', 74, '+500', 0, 5),
(73, 'FO', 'Faroe Islands', 'The Faroe Islands', 75, '+298', 0, 6),
(74, 'FJ', 'Fiji', 'Republic of Fiji', 76, '+679', 0, 7),
(75, 'FI', 'Finland', 'Republic of Finland', 77, '+358', 5, 12),
(76, 'FR', 'France', 'French Republic', 78, '+33', 0, 9),
(77, 'GF', 'French Guiana', 'French Guiana', 79, '+594', 9, 12),
(78, 'PF', 'French Polynesia', 'French Polynesia', 80, '+689', 0, 6),
(79, 'TF', 'French Southern Territories', 'French Southern Territories', 81, '+262', 0, 9),
(80, 'GA', 'Gabon', 'Gabonese Republic', 82, '+241', 6, 7),
(81, 'GM', 'Gambia', 'Republic of The Gambia', 83, '+220', 0, 7),
(82, 'GE', 'Georgia', 'Georgia', 84, '+7880', 0, 8),
(83, 'DE', 'Germany', 'Federal Republic of Germany', 85, '+49', 6, 13),
(84, 'GH', 'Ghana', 'Republic of Ghana', 86, '+233', 5, 9),
(85, 'GI', 'Gibraltar', 'Gibraltar', 87, '+350', 0, 8),
(86, 'GR', 'Greece', 'Hellenic Republic', 88, '+30', 0, 10),
(87, 'GL', 'Greenland', 'Greenland', 89, '+299', 0, 6),
(88, 'GD', 'Grenada', 'Grenada', 90, '+1473', 0, 7),
(89, 'GP', 'Guadaloupe', 'Guadeloupe', 91, '+590', 9, 12),
(90, 'GU', 'Guam', 'Guam', 92, '+671', 0, 10),
(91, 'GT', 'Guatemala', 'Republic of Guatemala', 93, '+502', 0, 8),
(92, 'GG', 'Guernsey', 'Guernsey', 94, '+44', 0, 10),
(93, 'GN', 'Guinea', 'Republic of Guinea', 95, '+224', 0, 8),
(94, 'GW', 'Guinea-Bissau', 'Republic of Guinea-Bissau', 96, '+245', 0, 7),
(95, 'GY', 'Guyana', 'Co-operative Republic of Guyana', 97, '+592', 0, 7),
(96, 'HT', 'Haiti', 'Republic of Haiti', 98, '+509', 0, 8),
(97, 'HM', 'Heard Island and McDonald Islands', 'Heard Island and McDonald Islands', 99, NULL, 0, 0),
(98, 'HN', 'Honduras', 'Republic of Honduras', 100, '+504', 7, 8),
(99, 'HK', 'Hong Kong', 'Hong Kong', 101, '+852', 4, 9),
(100, 'US', 'United States', 'United States of America', 1, '+1', 0, 10),
(101, 'IS', 'Iceland', 'Republic of Iceland', 103, '+354', 7, 9),
(102, 'IN', 'India', 'Republic of India', 104, '+91', 0, 10),
(103, 'ID', 'Indonesia', 'Republic of Indonesia', 105, '+62', 0, 10),
(104, 'IR', 'Iran', 'Islamic Republic of Iran', 106, '+98', 6, 10),
(105, 'IQ', 'Iraq', 'Republic of Iraq', 107, '+964', 8, 10),
(106, 'IE', 'Ireland', 'Ireland', 108, '+353', 7, 11),
(107, 'IM', 'Isle of Man', 'Isle of Man', 109, '+44', 0, 10),
(108, 'IL', 'Israel', 'State of Israel', 110, '+972', 8, 9),
(109, 'IT', 'Italy', 'Italian Republic', 111, '+39', 0, 11),
(110, 'JM', 'Jamaica', 'Jamaica', 112, '+1876', 0, 10),
(111, 'JP', 'Japan', 'Japan', 113, '+81', 9, 10),
(112, 'JE', 'Jersey', 'The Bailiwick of Jersey', 114, '+44', 0, 10),
(113, 'JO', 'Jordan', 'Hashemite Kingdom of Jordan', 115, '+962', 5, 9),
(114, 'KZ', 'Kazakhstan', 'Republic of Kazakhstan', 116, '+7', 0, 10),
(115, 'KE', 'Kenya', 'Republic of Kenya', 117, '+254', 6, 10),
(116, 'KI', 'Kiribati', 'Republic of Kiribati', 118, '+686', 0, 5),
(117, 'XK', 'Kosovo', 'Republic of Kosovo', 119, '+383', 0, 8),
(118, 'KW', 'Kuwait', 'State of Kuwait', 120, '+965', 7, 8),
(119, 'KG', 'Kyrgyzstan', 'Kyrgyz Republic', 121, '+996', 0, 10),
(120, 'LA', 'Laos', 'Lao People\'s Democratic Republic', 122, '+856', 8, 9),
(121, 'LV', 'Latvia', 'Republic of Latvia', 123, '+371', 7, 8),
(122, 'LB', 'Lebanon', 'Republic of Lebanon', 124, '+961', 7, 8),
(123, 'LS', 'Lesotho', 'Kingdom of Lesotho', 125, '+266', 0, 8),
(124, 'LR', 'Liberia', 'Republic of Liberia', 126, '+231', 7, 8),
(125, 'LY', 'Libya', 'Libya', 127, '+218', 0, 0),
(126, 'LI', 'Liechtenstein', 'Principality of Liechtenstein', 128, '+417', 7, 9),
(127, 'LT', 'Lithuania', 'Republic of Lithuania', 129, '+370', 0, 8),
(128, 'LU', 'Luxembourg', 'Grand Duchy of Luxembourg', 130, '+352', 4, 11),
(129, 'MO', 'Macao', 'The Macao Special Administrative Region', 131, '+853', 5, 9),
(130, 'MK', 'Macedonia', 'The Former Yugoslav Republic of Macedonia', 132, '+389', 0, 8),
(131, 'MG', 'Madagascar', 'Republic of Madagascar', 133, '+261', 9, 10),
(132, 'MW', 'Malawi', 'Republic of Malawi', 134, '+265', 7, 10),
(133, 'MY', 'Malaysia', 'Malaysia', 135, '+60', 7, 9),
(134, 'MV', 'Maldives', 'Republic of Maldives', 136, '+960', 0, 7),
(135, 'ML', 'Mali', 'Republic of Mali', 137, '+223', 0, 8),
(136, 'MT', 'Malta', 'Republic of Malta', 138, '+356', 0, 8),
(137, 'MH', 'Marshall Islands', 'Republic of the Marshall Islands', 139, '+692', 0, 7),
(138, 'MQ', 'Martinique', 'Martinique', 140, '+596', 0, 9),
(139, 'MR', 'Mauritania', 'Islamic Republic of Mauritania', 141, '+222', 0, 7),
(140, 'MU', 'Mauritius', 'Republic of Mauritius', 142, '+230', 0, 7),
(141, 'YT', 'Mayotte', 'Mayotte', 143, '+269', 0, 10),
(142, 'MX', 'Mexico', 'United Mexican States', 144, '+52', 0, 10),
(143, 'FM', 'Micronesia', 'Federated States of Micronesia', 145, '+691', 0, 7),
(144, 'MD', 'Moldava', 'Republic of Moldova', 146, '+373', 0, 8),
(145, 'MC', 'Monaco', 'Principality of Monaco', 147, '+377', 5, 9),
(146, 'MN', 'Mongolia', 'Mongolia', 148, '+95', 7, 8),
(147, 'ME', 'Montenegro', 'Montenegro', 149, '+382', 4, 12),
(148, 'MS', 'Montserrat', 'Montserrat', 150, '+1664', 0, 10),
(149, 'MA', 'Morocco', 'Kingdom of Morocco', 151, '+212', 0, 9),
(150, 'MZ', 'Mozambique', 'Republic of Mozambique', 152, '+258', 8, 9),
(151, 'MM', 'Myanmar (Burma)', 'Republic of the Union of Myanmar', 153, '+95', 8, 11),
(152, 'NA', 'Namibia', 'Republic of Namibia', 154, '+264', 6, 10),
(153, 'NR', 'Nauru', 'Republic of Nauru', 155, '+674', 4, 7),
(154, 'NP', 'Nepal', 'Federal Democratic Republic of Nepal', 156, '+670', 8, 9),
(155, 'NL', 'Netherlands', 'Kingdom of the Netherlands', 157, '+31', 0, 9),
(156, 'NC', 'New Caledonia', 'New Caledonia', 158, '+687', 0, 6),
(157, 'NZ', 'New Zealand', 'New Zealand', 159, '+64', 3, 10),
(158, 'NI', 'Nicaragua', 'Republic of Nicaragua', 160, '+505', 0, 8),
(159, 'NE', 'Niger', 'Republic of Niger', 161, '+227', 0, 8),
(160, 'NG', 'Nigeria', 'Federal Republic of Nigeria', 162, '+234', 7, 10),
(161, 'NU', 'Niue', 'Niue', 163, '+683', 0, 4),
(162, 'NF', 'Norfolk Island', 'Norfolk Island', 164, '+672', 0, 6),
(163, 'KP', 'North Korea', 'Democratic People\'s Republic of Korea', 165, '+850', 8, 10),
(164, 'MP', 'Northern Mariana Islands', 'Northern Mariana Islands', 166, '+1', 0, 7),
(165, 'NO', 'Norway', 'Kingdom of Norway', 167, '+47', 5, 8),
(166, 'OM', 'Oman', 'Sultanate of Oman', 168, '+968', 7, 8),
(167, 'PK', 'Pakistan', 'Islamic Republic of Pakistan', 169, '+92', 8, 11),
(168, 'PW', 'Palau', 'Republic of Palau', 170, '+680', 0, 7),
(169, 'PS', 'Palestine', 'State of Palestine (or Occupied Palestinian Territory)', 171, '+970', 8, 9),
(170, 'PA', 'Panama', 'Republic of Panama', 172, '+507', 7, 8),
(171, 'PG', 'Papua New Guinea', 'Independent State of Papua New Guinea', 173, '+675', 4, 11),
(172, 'PY', 'Paraguay', 'Republic of Paraguay', 174, '+595', 5, 9),
(173, 'PE', 'Peru', 'Republic of Peru', 175, '+51', 8, 11),
(174, 'PH', 'Phillipines', 'Republic of the Philippines', 176, '+63', 8, 10),
(175, 'PN', 'Pitcairn', 'Pitcairn', 177, '+64', 0, 8),
(176, 'PL', 'Poland', 'Republic of Poland', 178, '+48', 6, 9),
(177, 'PT', 'Portugal', 'Portuguese Republic', 179, '+351', 9, 11),
(178, 'PR', 'Puerto Rico', 'Commonwealth of Puerto Rico', 180, '+1787', 0, 10),
(179, 'QA', 'Qatar', 'State of Qatar', 181, '+974', 6, 10),
(180, 'RE', 'Reunion', 'R&eacute;union', 182, '+262', 0, 12),
(181, 'RO', 'Romania', 'Romania', 183, '+40', 0, 9),
(182, 'RU', 'Russia', 'Russian Federation', 184, '+7', 0, 10),
(183, 'RW', 'Rwanda', 'Republic of Rwanda', 185, '+250', 0, 9),
(184, 'BL', 'Saint Barthelemy', 'Saint Barth&eacute;lemy', 186, '+590', 0, 9),
(185, 'SH', 'Saint Helena', 'Saint Helena, Ascension and Tristan da Cunha', 187, '+290', 0, 4),
(186, 'KN', 'Saint Kitts and Nevis', 'Federation of Saint Christopher and Nevis', 188, '+1869', 0, 7),
(187, 'LC', 'Saint Lucia', 'Saint Lucia', 189, '+1', 0, 10),
(188, 'MF', 'Saint Martin', 'Saint Martin', 190, '+721', 0, 10),
(189, 'PM', 'Saint Pierre and Miquelon', 'Saint Pierre and Miquelon', 191, '+508', 0, 6),
(190, 'VC', 'Saint Vincent and the Grenadines', 'Saint Vincent and the Grenadines', 192, '+1', 0, 10),
(191, 'WS', 'Samoa', 'Independent State of Samoa', 193, '+685', 3, 7),
(192, 'SM', 'San Marino', 'Republic of San Marino', 194, '+378', 6, 10),
(193, 'ST', 'Sao Tome and Principe', 'Democratic Republic of S&atilde;o Tom&eacute; and Pr&iacute;ncipe', 195, '+239', 0, 7),
(194, 'SA', 'Saudi Arabia', 'Kingdom of Saudi Arabia', 196, '+966', 8, 9),
(195, 'SN', 'Senegal', 'Republic of Senegal', 197, '+221', 0, 9),
(196, 'RS', 'Serbia', 'Republic of Serbia', 198, '+381', 4, 12),
(197, 'SC', 'Seychelles', 'Republic of Seychelles', 199, '+1758', 0, 6),
(198, 'SL', 'Sierra Leone', 'Republic of Sierra Leone', 200, '+232', 0, 8),
(199, 'SG', 'Singapore', 'Republic of Singapore', 201, '+65', 8, 12),
(200, 'SX', 'Sint Maarten', 'Sint Maarten', 202, '+721', 0, 10),
(201, 'SK', 'Slovakia', 'Slovak Republic', 203, '+421', 4, 9),
(202, 'SI', 'Slovenia', 'Republic of Slovenia', 204, '+963', 0, 8),
(203, 'SB', 'Solomon Islands', 'Solomon Islands', 205, '+677', 0, 5),
(204, 'SO', 'Somalia', 'Somali Republic', 206, '+252', 5, 8),
(205, 'ZA', 'South Africa', 'Republic of South Africa', 207, '+27', 0, 9),
(206, 'GS', 'South Georgia and the South Sandwich Islands', 'South Georgia and the South Sandwich Islands', 208, '+500', 0, 5),
(207, 'KR', 'South Korea', 'Republic of Korea', 209, '+82', 8, 10),
(208, 'SS', 'South Sudan', 'Republic of South Sudan', 210, '+211', 0, 9),
(209, 'ES', 'Spain', 'Kingdom of Spain', 211, '+34', 0, 9),
(210, 'LK', 'Sri Lanka', 'Democratic Socialist Republic of Sri Lanka', 212, '+94', 0, 9),
(211, 'SD', 'Sudan', 'Republic of the Sudan', 213, '+249', 0, 9),
(212, 'SR', 'Suriname', 'Republic of Suriname', 214, '+597', 6, 7),
(213, 'SJ', 'Svalbard and Jan Mayen', 'Svalbard and Jan Mayen', 215, '+47', 5, 12),
(214, 'SZ', 'Swaziland', 'Kingdom of Swaziland', 216, '+268', 7, 8),
(215, 'SE', 'Sweden', 'Kingdom of Sweden', 217, '+46', 7, 13),
(216, 'CH', 'Switzerland', 'Swiss Confederation', 218, '+41', 4, 12),
(217, 'SY', 'Syria', 'Syrian Arab Republic', 219, '+963', 8, 10),
(218, 'TW', 'Taiwan', 'Republic of China (Taiwan)', 220, '+886', 8, 9),
(219, 'TJ', 'Tajikistan', 'Republic of Tajikistan', 221, '+7', 0, 9),
(220, 'TZ', 'Tanzania', 'United Republic of Tanzania', 222, '+255', 0, 9),
(221, 'TH', 'Thailand', 'Kingdom of Thailand', 223, '+66', 8, 9),
(222, 'TL', 'Timor-Leste (East Timor)', 'Democratic Republic of Timor-Leste', 224, '+670', 0, 7),
(223, 'TG', 'Togo', 'Togolese Republic', 225, '+228', 0, 7),
(224, 'TK', 'Tokelau', 'Tokelau', 226, '+690', 0, 4),
(225, 'TO', 'Tonga', 'Kingdom of Tonga', 227, '+676', 5, 7),
(226, 'TT', 'Trinidad and Tobago', 'Republic of Trinidad and Tobago', 228, '+1868', 0, 10),
(227, 'TN', 'Tunisia', 'Republic of Tunisia', 229, '+216', 0, 8),
(228, 'TR', 'Turkey', 'Republic of Turkey', 230, '+90', 0, 10),
(229, 'TM', 'Turkmenistan', 'Turkmenistan', 231, '+993', 0, 8),
(230, 'TC', 'Turks and Caicos Islands', 'Turks and Caicos Islands', 232, '+1649', 0, 10),
(231, 'TV', 'Tuvalu', 'Tuvalu', 233, '+688', 5, 6),
(232, 'UG', 'Uganda', 'Republic of Uganda', 234, '+256', 0, 9),
(233, 'UA', 'Ukraine', 'Ukraine', 235, '+380', 0, 9),
(234, 'AE', 'United Arab Emirates', 'United Arab Emirates', 236, '+971', 8, 9),
(235, 'GB', 'United Kingdom', 'United Kingdom of Great Britain and Nothern Ireland', 237, '+44', 7, 10),
(236, 'HU', 'Hungary', 'Hungary', 238, '+36', 8, 9),
(237, 'UM', 'United States Minor Outlying Islands', 'United States Minor Outlying Islands', 239, NULL, 0, 0),
(238, 'UY', 'Uruguay', 'Eastern Republic of Uruguay', 240, '+598', 0, 8),
(239, 'UZ', 'Uzbekistan', 'Republic of Uzbekistan', 241, '+7', 0, 9),
(240, 'VU', 'Vanuatu', 'Republic of Vanuatu', 242, '+678', 5, 7),
(241, 'VA', 'Vatican City', 'State of the Vatican City', 243, '+379', 0, 10),
(242, 'VE', 'Venezuela', 'Bolivarian Republic of Venezuela', 244, '+58', 0, 10),
(243, 'VN', 'Vietnam', 'Socialist Republic of Vietnam', 245, '+84', 7, 10),
(244, 'VG', 'Virgin Islands, British', 'British Virgin Islands', 246, '+1284', 0, 10),
(245, 'VI', 'Virgin Islands, US', 'Virgin Islands of the United States', 247, '+1340', 0, 7),
(246, 'WF', 'Wallis and Futuna', 'Wallis and Futuna', 248, '+681', 0, 6),
(247, 'EH', 'Western Sahara', 'Western Sahara', 249, '+212', 0, 9),
(248, 'YE', 'Yemen', 'Republic of Yemen', 250, '+967', 6, 9),
(249, 'ZM', 'Zambia', 'Republic of Zambia', 251, '+260', 0, 9),
(250, 'ZW', 'Zimbabwe', 'Republic of Zimbabwe', 252, '+263', 5, 9);

-- --------------------------------------------------------

--
-- Table structure for table `users`
--

CREATE TABLE `users` (
  `user_id` bigint(20) NOT NULL,
  `address1` varchar(255) DEFAULT NULL,
  `address2` varchar(255) DEFAULT NULL,
  `birth_date` varchar(255) DEFAULT NULL,
  `city` varchar(255) DEFAULT NULL,
  `contact_phone` varchar(255) DEFAULT NULL,
  `country` varchar(255) DEFAULT NULL,
  `email` varchar(255) DEFAULT NULL,
  `emergency_contact` varchar(255) DEFAULT NULL,
  `first_name` varchar(255) DEFAULT NULL,
  `last_name` varchar(255) DEFAULT NULL,
  `password` varchar(255) DEFAULT NULL,
  `phone` varchar(255) DEFAULT NULL,
  `relationship` varchar(255) DEFAULT NULL,
  `state` varchar(255) DEFAULT NULL,
  `zip_code` varchar(255) DEFAULT NULL,
  `department_id` bigint(20) DEFAULT NULL,
  `role_id` bigint(20) DEFAULT NULL,
  `user_shift_id` bigint(20) DEFAULT NULL,
  `hourly_rate` bigint(20) DEFAULT NULL,
  `gender` varchar(200) DEFAULT NULL,
  `contractor_id` bigint(20) DEFAULT NULL,
  `middle_name` varchar(200) NOT NULL,
  `personal_identification_number` varchar(255) NOT NULL,
  `profile_img` varchar(500) NOT NULL,
  `employee_id` varchar(200) DEFAULT NULL,
  `user_name` varchar(255) NOT NULL
) ENGINE=InnoDB DEFAULT CHARSET=utf8mb4 COLLATE=utf8mb4_general_ci;

--
-- Dumping data for table `users`
--

INSERT INTO `users` (`user_id`, `address1`, `address2`, `birth_date`, `city`, `contact_phone`, `country`, `email`, `emergency_contact`, `first_name`, `last_name`, `password`, `phone`, `relationship`, `state`, `zip_code`, `department_id`, `role_id`, `user_shift_id`, `hourly_rate`, `gender`, `contractor_id`, `middle_name`, `personal_identification_number`, `profile_img`, `employee_id`, `user_name`) VALUES
(1, 'Jamnagar', 'Jamnagar', '02/15/2025', 'Jamnagar', '7894561230', 'India', 'pjay41907@gmail.com', 'Bhargav', 'Jay', 'Patel', '123', '8888888888', 'Bro', 'Gujarat', '361002', 1, 1, 3, NULL, 'Male', 1, 'A', '8888888888', 'http://localhost/timeSheetPro/usercontent/3/profileImages/download_1_.png', '0001', 'JayPatel'),
-- --------------------------------------------------------

--
-- Table structure for table `user_inout`
--

CREATE TABLE `user_inout` (
  `id` bigint(20) NOT NULL,
  `time_in` datetime DEFAULT NULL,
  `time_out` datetime DEFAULT NULL,
  `created_on` date DEFAULT NULL,
  `user_id` int(11) DEFAULT NULL,
  `location_id` int(11) DEFAULT NULL,
  `company_id` int(11) DEFAULT NULL,
  `is_salary_generate` int(1) NOT NULL DEFAULT 0
) ENGINE=InnoDB DEFAULT CHARSET=utf8mb4 COLLATE=utf8mb4_general_ci;

--
-- Dumping data for table `user_inout`
--


-- --------------------------------------------------------

--
-- Table structure for table `user_permission`
--

CREATE TABLE `user_permission` (
  `id` int(11) NOT NULL,
  `user_id` int(11) DEFAULT NULL,
  `module_action_Id` int(11) DEFAULT NULL
) ENGINE=InnoDB DEFAULT CHARSET=utf8mb4 COLLATE=utf8mb4_general_ci;

-- --------------------------------------------------------

--
-- Table structure for table `user_shift`
--

CREATE TABLE `user_shift` (
  `id` bigint(20) NOT NULL,
  `shift_name` varchar(255) DEFAULT NULL
) ENGINE=InnoDB DEFAULT CHARSET=utf8mb4 COLLATE=utf8mb4_general_ci;

--
-- Dumping data for table `user_shift`
--

INSERT INTO `user_shift` (`id`, `shift_name`) VALUES
(1, 'Contracted'),
(2, 'Part Time'),
(3, 'Regular'),
(4, 'Seasonal'),
(5, 'Temporary');

-- --------------------------------------------------------

--
-- Table structure for table `weekly_off`
--

CREATE TABLE `weekly_off` (
  `id` int(11) NOT NULL,
  `name` varchar(255) NOT NULL,
  `description` varchar(1000) DEFAULT NULL,
  `is_default` int(11) NOT NULL DEFAULT 0,
  `sunday_all` tinyint(1) DEFAULT 0,
  `sunday_1st` tinyint(1) DEFAULT 0,
  `sunday_2nd` tinyint(1) DEFAULT 0,
  `sunday_3rd` tinyint(1) DEFAULT 0,
  `sunday_4th` tinyint(1) DEFAULT 0,
  `sunday_5th` tinyint(1) DEFAULT 0,
  `monday_all` tinyint(1) DEFAULT 0,
  `monday_1st` tinyint(1) DEFAULT 0,
  `monday_2nd` tinyint(1) DEFAULT 0,
  `monday_3rd` tinyint(1) DEFAULT 0,
  `monday_4th` tinyint(1) DEFAULT 0,
  `monday_5th` tinyint(1) DEFAULT 0,
  `tuesday_all` tinyint(1) DEFAULT 0,
  `tuesday_1st` tinyint(1) DEFAULT 0,
  `tuesday_2nd` tinyint(1) DEFAULT 0,
  `tuesday_3rd` tinyint(1) DEFAULT 0,
  `tuesday_4th` tinyint(1) DEFAULT 0,
  `tuesday_5th` tinyint(1) DEFAULT 0,
  `wednesday_all` tinyint(1) DEFAULT 0,
  `wednesday_1st` tinyint(1) DEFAULT 0,
  `wednesday_2nd` tinyint(1) DEFAULT 0,
  `wednesday_3rd` tinyint(1) DEFAULT 0,
  `wednesday_4th` tinyint(1) DEFAULT 0,
  `wednesday_5th` tinyint(1) DEFAULT 0,
  `thursday_all` tinyint(1) DEFAULT 0,
  `thursday_1st` tinyint(1) DEFAULT 0,
  `thursday_2nd` tinyint(1) DEFAULT 0,
  `thursday_3rd` tinyint(1) DEFAULT 0,
  `thursday_4th` tinyint(1) DEFAULT 0,
  `thursday_5th` tinyint(1) DEFAULT 0,
  `friday_all` tinyint(1) DEFAULT 0,
  `friday_1st` tinyint(1) DEFAULT 0,
  `friday_2nd` tinyint(1) DEFAULT 0,
  `friday_3rd` tinyint(1) DEFAULT 0,
  `friday_4th` tinyint(1) DEFAULT 0,
  `friday_5th` tinyint(1) DEFAULT 0,
  `saturday_all` tinyint(1) DEFAULT 0,
  `saturday_1st` tinyint(1) DEFAULT 0,
  `saturday_2nd` tinyint(1) DEFAULT 0,
  `saturday_3rd` tinyint(1) DEFAULT 0,
  `saturday_4th` tinyint(1) DEFAULT 0,
  `saturday_5th` tinyint(1) DEFAULT 0,
  `created_by` int(11) DEFAULT NULL,
  `company_id` int(11) DEFAULT NULL
) ENGINE=InnoDB DEFAULT CHARSET=utf8mb4 COLLATE=utf8mb4_general_ci;

--
-- Dumping data for table `weekly_off`
--

--
-- Indexes for dumped tables
--

--
-- Indexes for table `actions`
--
ALTER TABLE `actions`
  ADD PRIMARY KEY (`action_id`);

--
-- Indexes for table `attendance_penalty_rules`
--
ALTER TABLE `attendance_penalty_rules`
  ADD PRIMARY KEY (`id`),
  ADD KEY `company_id` (`company_id`),
  ADD KEY `created_by` (`created_by`);

--
-- Indexes for table `company_actions`
--
ALTER TABLE `company_actions`
  ADD PRIMARY KEY (`id`);

--
-- Indexes for table `company_details`
--
ALTER TABLE `company_details`
  ADD PRIMARY KEY (`id`);

--
-- Indexes for table `company_employees`
--
ALTER TABLE `company_employees`
  ADD PRIMARY KEY (`id`),
  ADD KEY `role_id` (`role_id`),
  ADD KEY `department_id` (`department_id`),
  ADD KEY `employee_type` (`employee_type`),
  ADD KEY `company_employees_ibfk_5` (`shift_id`),
  ADD KEY `ot_id` (`ot_id`),
  ADD KEY `weekly_off` (`weekly_off`),
  ADD KEY `holiday_template` (`holiday_template`);

--
-- Indexes for table `company_employee_roles`
--
ALTER TABLE `company_employee_roles`
  ADD PRIMARY KEY (`id`),
  ADD KEY `company_id` (`company_id`);

--
-- Indexes for table `company_functionality`
--
ALTER TABLE `company_functionality`
  ADD PRIMARY KEY (`id`);

--
-- Indexes for table `company_modules`
--
ALTER TABLE `company_modules`
  ADD PRIMARY KEY (`id`),
  ADD KEY `functionality_id` (`functionality_id`);

--
-- Indexes for table `company_module_actions`
--
ALTER TABLE `company_module_actions`
  ADD PRIMARY KEY (`id`),
  ADD KEY `action_id` (`action_id`),
  ADD KEY `module_id` (`module_id`);

--
-- Indexes for table `company_role_module_actions`
--
ALTER TABLE `company_role_module_actions`
  ADD PRIMARY KEY (`id`),
  ADD KEY `role_Id` (`role_Id`),
  ADD KEY `module_action_Id` (`module_action_Id`);

--
-- Indexes for table `company_shift`
--
ALTER TABLE `company_shift`
  ADD PRIMARY KEY (`id`),
  ADD KEY `company_id` (`company_id`);

--
-- Indexes for table `company_theme`
--
ALTER TABLE `company_theme`
  ADD PRIMARY KEY (`id`),
  ADD KEY `company_id` (`company_id`);

--
-- Indexes for table `contractor`
--
ALTER TABLE `contractor`
  ADD PRIMARY KEY (`id`);

--
-- Indexes for table `country_to_state`
--
ALTER TABLE `country_to_state`
  ADD PRIMARY KEY (`country_to_state_id`);

--
-- Indexes for table `departments`
--
ALTER TABLE `departments`
  ADD PRIMARY KEY (`id`),
  ADD KEY `company_id` (`company_id`);

--
-- Indexes for table `employee_backaccount_info`
--
ALTER TABLE `employee_backaccount_info`
  ADD PRIMARY KEY (`id`),
  ADD KEY `employee_id` (`employee_id`);

--
-- Indexes for table `employee_type`
--
ALTER TABLE `employee_type`
  ADD PRIMARY KEY (`id`);

--
-- Indexes for table `employment_info`
--
ALTER TABLE `employment_info`
  ADD PRIMARY KEY (`id`),
  ADD KEY `employee_id` (`employee_id`);

--
-- Indexes for table `functionality`
--
ALTER TABLE `functionality`
  ADD PRIMARY KEY (`id`);

--
-- Indexes for table `holiday_templates`
--
ALTER TABLE `holiday_templates`
  ADD PRIMARY KEY (`id`),
  ADD KEY `company_id` (`company_id`),
  ADD KEY `created_by` (`created_by`);

--
-- Indexes for table `holiday_template_details`
--
ALTER TABLE `holiday_template_details`
  ADD PRIMARY KEY (`id`),
  ADD KEY `holiday_template_id` (`holiday_template_id`);

--
-- Indexes for table `locations`
--
ALTER TABLE `locations`
  ADD PRIMARY KEY (`id`),
  ADD KEY `company_id` (`company_id`);

--
-- Indexes for table `module`
--
ALTER TABLE `module`
  ADD PRIMARY KEY (`module_id`);

--
-- Indexes for table `module_actions`
--
ALTER TABLE `module_actions`
  ADD PRIMARY KEY (`module_action_Id`),
  ADD KEY `module_id` (`module_id`),
  ADD KEY `action_id` (`action_id`);

--
-- Indexes for table `overtime_rules`
--
ALTER TABLE `overtime_rules`
  ADD PRIMARY KEY (`id`),
  ADD KEY `company_id` (`company_id`),
  ADD KEY `created_by` (`created_by`);

--
-- Indexes for table `roles`
--
ALTER TABLE `roles`
  ADD PRIMARY KEY (`role_id`);

--
-- Indexes for table `role_module_actions`
--
ALTER TABLE `role_module_actions`
  ADD PRIMARY KEY (`role_action_Id`),
  ADD KEY `module_action_Id` (`module_action_Id`),
  ADD KEY `role_Id` (`role_Id`);

--
-- Indexes for table `salary_statement_history`
--
ALTER TABLE `salary_statement_history`
  ADD PRIMARY KEY (`id`),
  ADD KEY `generated_by` (`generated_by`),
  ADD KEY `company_id` (`company_id`);

--
-- Indexes for table `salary_statement_master`
--
ALTER TABLE `salary_statement_master`
  ADD PRIMARY KEY (`id`),
  ADD KEY `company_id` (`company_id`);

--
-- Indexes for table `tbl_country`
--
ALTER TABLE `tbl_country`
  ADD PRIMARY KEY (`id`);

--
-- Indexes for table `users`
--
ALTER TABLE `users`
  ADD PRIMARY KEY (`user_id`),
  ADD KEY `department_id` (`department_id`),
  ADD KEY `user_shift_id` (`user_shift_id`),
  ADD KEY `role_id` (`role_id`);

--
-- Indexes for table `user_inout`
--
ALTER TABLE `user_inout`
  ADD PRIMARY KEY (`id`),
  ADD KEY `user_id` (`user_id`),
  ADD KEY `location_id` (`location_id`),
  ADD KEY `company_id` (`company_id`);

--
-- Indexes for table `user_permission`
--
ALTER TABLE `user_permission`
  ADD PRIMARY KEY (`id`);

--
-- Indexes for table `user_shift`
--
ALTER TABLE `user_shift`
  ADD PRIMARY KEY (`id`);

--
-- Indexes for table `weekly_off`
--
ALTER TABLE `weekly_off`
  ADD PRIMARY KEY (`id`),
  ADD KEY `created_by` (`created_by`),
  ADD KEY `company_id` (`company_id`);

--
-- AUTO_INCREMENT for dumped tables
--

--
-- AUTO_INCREMENT for table `actions`
--
ALTER TABLE `actions`
  MODIFY `action_id` bigint(20) NOT NULL AUTO_INCREMENT, AUTO_INCREMENT=5;

--
-- AUTO_INCREMENT for table `attendance_penalty_rules`
--
ALTER TABLE `attendance_penalty_rules`
  MODIFY `id` int(11) NOT NULL AUTO_INCREMENT, AUTO_INCREMENT=13;

--
-- AUTO_INCREMENT for table `company_actions`
--
ALTER TABLE `company_actions`
  MODIFY `id` int(11) NOT NULL AUTO_INCREMENT, AUTO_INCREMENT=5;

--
-- AUTO_INCREMENT for table `company_details`
--
ALTER TABLE `company_details`
  MODIFY `id` int(11) NOT NULL AUTO_INCREMENT, AUTO_INCREMENT=123;

--
-- AUTO_INCREMENT for table `company_employees`
--
ALTER TABLE `company_employees`
  MODIFY `id` int(11) NOT NULL AUTO_INCREMENT, AUTO_INCREMENT=99;

--
-- AUTO_INCREMENT for table `company_employee_roles`
--
ALTER TABLE `company_employee_roles`
  MODIFY `id` int(11) NOT NULL AUTO_INCREMENT, AUTO_INCREMENT=207;

--
-- AUTO_INCREMENT for table `company_functionality`
--
ALTER TABLE `company_functionality`
  MODIFY `id` int(11) NOT NULL AUTO_INCREMENT, AUTO_INCREMENT=7;

--
-- AUTO_INCREMENT for table `company_modules`
--
ALTER TABLE `company_modules`
  MODIFY `id` int(11) NOT NULL AUTO_INCREMENT, AUTO_INCREMENT=22;

--
-- AUTO_INCREMENT for table `company_module_actions`
--
ALTER TABLE `company_module_actions`
  MODIFY `id` int(11) NOT NULL AUTO_INCREMENT, AUTO_INCREMENT=85;

--
-- AUTO_INCREMENT for table `company_role_module_actions`
--
ALTER TABLE `company_role_module_actions`
  MODIFY `id` int(11) NOT NULL AUTO_INCREMENT, AUTO_INCREMENT=3599;

--
-- AUTO_INCREMENT for table `company_shift`
--
ALTER TABLE `company_shift`
  MODIFY `id` int(11) NOT NULL AUTO_INCREMENT, AUTO_INCREMENT=16;

--
-- AUTO_INCREMENT for table `company_theme`
--
ALTER TABLE `company_theme`
  MODIFY `id` int(11) NOT NULL AUTO_INCREMENT, AUTO_INCREMENT=42;

--
-- AUTO_INCREMENT for table `contractor`
--
ALTER TABLE `contractor`
  MODIFY `id` bigint(20) NOT NULL AUTO_INCREMENT, AUTO_INCREMENT=7;

--
-- AUTO_INCREMENT for table `country_to_state`
--
ALTER TABLE `country_to_state`
  MODIFY `country_to_state_id` bigint(20) NOT NULL AUTO_INCREMENT, AUTO_INCREMENT=291;

--
-- AUTO_INCREMENT for table `departments`
--
ALTER TABLE `departments`
  MODIFY `id` bigint(20) NOT NULL AUTO_INCREMENT, AUTO_INCREMENT=16;

--
-- AUTO_INCREMENT for table `employee_backaccount_info`
--
ALTER TABLE `employee_backaccount_info`
  MODIFY `id` int(11) NOT NULL AUTO_INCREMENT, AUTO_INCREMENT=32;

--
-- AUTO_INCREMENT for table `employee_type`
--
ALTER TABLE `employee_type`
  MODIFY `id` int(11) NOT NULL AUTO_INCREMENT, AUTO_INCREMENT=6;

--
-- AUTO_INCREMENT for table `employment_info`
--
ALTER TABLE `employment_info`
  MODIFY `id` int(11) NOT NULL AUTO_INCREMENT, AUTO_INCREMENT=3;

--
-- AUTO_INCREMENT for table `functionality`
--
ALTER TABLE `functionality`
  MODIFY `id` bigint(20) NOT NULL AUTO_INCREMENT, AUTO_INCREMENT=11;

--
-- AUTO_INCREMENT for table `holiday_templates`
--
ALTER TABLE `holiday_templates`
  MODIFY `id` int(11) NOT NULL AUTO_INCREMENT, AUTO_INCREMENT=3;

--
-- AUTO_INCREMENT for table `holiday_template_details`
--
ALTER TABLE `holiday_template_details`
  MODIFY `id` int(11) NOT NULL AUTO_INCREMENT, AUTO_INCREMENT=7;

--
-- AUTO_INCREMENT for table `locations`
--
ALTER TABLE `locations`
  MODIFY `id` int(11) NOT NULL AUTO_INCREMENT, AUTO_INCREMENT=197;

--
-- AUTO_INCREMENT for table `module`
--
ALTER TABLE `module`
  MODIFY `module_id` bigint(20) NOT NULL AUTO_INCREMENT, AUTO_INCREMENT=18;

--
-- AUTO_INCREMENT for table `module_actions`
--
ALTER TABLE `module_actions`
  MODIFY `module_action_Id` bigint(20) NOT NULL AUTO_INCREMENT, AUTO_INCREMENT=83;

--
-- AUTO_INCREMENT for table `overtime_rules`
--
ALTER TABLE `overtime_rules`
  MODIFY `id` int(11) NOT NULL AUTO_INCREMENT, AUTO_INCREMENT=10;

--
-- AUTO_INCREMENT for table `roles`
--
ALTER TABLE `roles`
  MODIFY `role_id` bigint(20) NOT NULL AUTO_INCREMENT, AUTO_INCREMENT=14;

--
-- AUTO_INCREMENT for table `role_module_actions`
--
ALTER TABLE `role_module_actions`
  MODIFY `role_action_Id` bigint(20) NOT NULL AUTO_INCREMENT, AUTO_INCREMENT=512;

--
-- AUTO_INCREMENT for table `salary_statement_history`
--
ALTER TABLE `salary_statement_history`
  MODIFY `id` int(11) NOT NULL AUTO_INCREMENT, AUTO_INCREMENT=5;

--
-- AUTO_INCREMENT for table `salary_statement_master`
--
ALTER TABLE `salary_statement_master`
  MODIFY `id` int(11) NOT NULL AUTO_INCREMENT, AUTO_INCREMENT=3;

--
-- AUTO_INCREMENT for table `tbl_country`
--
ALTER TABLE `tbl_country`
  MODIFY `id` int(11) NOT NULL AUTO_INCREMENT, AUTO_INCREMENT=251;

--
-- AUTO_INCREMENT for table `users`
--
ALTER TABLE `users`
  MODIFY `user_id` bigint(20) NOT NULL AUTO_INCREMENT, AUTO_INCREMENT=25;

--
-- AUTO_INCREMENT for table `user_inout`
--
ALTER TABLE `user_inout`
  MODIFY `id` bigint(20) NOT NULL AUTO_INCREMENT, AUTO_INCREMENT=549;

--
-- AUTO_INCREMENT for table `user_permission`
--
ALTER TABLE `user_permission`
  MODIFY `id` int(11) NOT NULL AUTO_INCREMENT;

--
-- AUTO_INCREMENT for table `user_shift`
--
ALTER TABLE `user_shift`
  MODIFY `id` bigint(20) NOT NULL AUTO_INCREMENT, AUTO_INCREMENT=6;

--
-- AUTO_INCREMENT for table `weekly_off`
--
ALTER TABLE `weekly_off`
  MODIFY `id` int(11) NOT NULL AUTO_INCREMENT, AUTO_INCREMENT=6;

--
-- Constraints for dumped tables
--

--
-- Constraints for table `attendance_penalty_rules`
--
ALTER TABLE `attendance_penalty_rules`
  ADD CONSTRAINT `attendance_penalty_rules_ibfk_1` FOREIGN KEY (`company_id`) REFERENCES `company_details` (`id`) ON DELETE CASCADE,
  ADD CONSTRAINT `attendance_penalty_rules_ibfk_2` FOREIGN KEY (`created_by`) REFERENCES `company_employees` (`id`) ON DELETE SET NULL;

--
-- Constraints for table `company_employees`
--
ALTER TABLE `company_employees`
  ADD CONSTRAINT `company_employees_ibfk_1` FOREIGN KEY (`role_id`) REFERENCES `company_employee_roles` (`id`) ON DELETE SET NULL,
  ADD CONSTRAINT `company_employees_ibfk_2` FOREIGN KEY (`department_id`) REFERENCES `departments` (`id`) ON DELETE SET NULL,
  ADD CONSTRAINT `company_employees_ibfk_4` FOREIGN KEY (`employee_type`) REFERENCES `employee_type` (`id`) ON DELETE SET NULL,
  ADD CONSTRAINT `company_employees_ibfk_5` FOREIGN KEY (`shift_id`) REFERENCES `company_shift` (`id`) ON DELETE SET NULL,
  ADD CONSTRAINT `company_employees_ibfk_6` FOREIGN KEY (`ot_id`) REFERENCES `overtime_rules` (`id`) ON DELETE SET NULL,
  ADD CONSTRAINT `company_employees_ibfk_7` FOREIGN KEY (`weekly_off`) REFERENCES `weekly_off` (`id`) ON DELETE SET NULL,
  ADD CONSTRAINT `company_employees_ibfk_8` FOREIGN KEY (`holiday_template`) REFERENCES `holiday_templates` (`id`) ON DELETE SET NULL;

--
-- Constraints for table `company_employee_roles`
--
ALTER TABLE `company_employee_roles`
  ADD CONSTRAINT `company_employee_roles_ibfk_1` FOREIGN KEY (`company_id`) REFERENCES `company_details` (`id`) ON DELETE CASCADE;

--
-- Constraints for table `company_modules`
--
ALTER TABLE `company_modules`
  ADD CONSTRAINT `company_modules_ibfk_1` FOREIGN KEY (`functionality_id`) REFERENCES `company_functionality` (`id`) ON DELETE CASCADE;

--
-- Constraints for table `company_module_actions`
--
ALTER TABLE `company_module_actions`
  ADD CONSTRAINT `company_module_actions_ibfk_1` FOREIGN KEY (`action_id`) REFERENCES `company_actions` (`id`) ON DELETE CASCADE,
  ADD CONSTRAINT `company_module_actions_ibfk_2` FOREIGN KEY (`module_id`) REFERENCES `company_modules` (`id`) ON DELETE CASCADE;

--
-- Constraints for table `company_role_module_actions`
--
ALTER TABLE `company_role_module_actions`
  ADD CONSTRAINT `company_role_module_actions_ibfk_1` FOREIGN KEY (`role_Id`) REFERENCES `company_employee_roles` (`id`) ON DELETE CASCADE,
  ADD CONSTRAINT `company_role_module_actions_ibfk_2` FOREIGN KEY (`module_action_Id`) REFERENCES `company_module_actions` (`id`) ON DELETE CASCADE;

--
-- Constraints for table `company_shift`
--
ALTER TABLE `company_shift`
  ADD CONSTRAINT `company_shift_ibfk_1` FOREIGN KEY (`company_id`) REFERENCES `company_details` (`id`) ON DELETE CASCADE;

--
-- Constraints for table `company_theme`
--
ALTER TABLE `company_theme`
  ADD CONSTRAINT `company_theme_ibfk_1` FOREIGN KEY (`company_id`) REFERENCES `company_details` (`id`) ON DELETE CASCADE;

--
-- Constraints for table `departments`
--
ALTER TABLE `departments`
  ADD CONSTRAINT `departments_ibfk_1` FOREIGN KEY (`company_id`) REFERENCES `company_details` (`id`) ON DELETE CASCADE;

--
-- Constraints for table `employee_backaccount_info`
--
ALTER TABLE `employee_backaccount_info`
  ADD CONSTRAINT `employee_backaccount_info_ibfk_1` FOREIGN KEY (`employee_id`) REFERENCES `company_employees` (`id`) ON DELETE CASCADE;

--
-- Constraints for table `employment_info`
--
ALTER TABLE `employment_info`
  ADD CONSTRAINT `employment_info_ibfk_1` FOREIGN KEY (`employee_id`) REFERENCES `company_employees` (`id`) ON DELETE CASCADE;

--
-- Constraints for table `holiday_templates`
--
ALTER TABLE `holiday_templates`
  ADD CONSTRAINT `holiday_templates_ibfk_1` FOREIGN KEY (`company_id`) REFERENCES `company_details` (`id`) ON DELETE CASCADE,
  ADD CONSTRAINT `holiday_templates_ibfk_2` FOREIGN KEY (`created_by`) REFERENCES `company_employees` (`id`) ON DELETE SET NULL;

--
-- Constraints for table `holiday_template_details`
--
ALTER TABLE `holiday_template_details`
  ADD CONSTRAINT `holiday_template_details_ibfk_1` FOREIGN KEY (`holiday_template_id`) REFERENCES `holiday_templates` (`id`) ON DELETE CASCADE;

--
-- Constraints for table `locations`
--
ALTER TABLE `locations`
  ADD CONSTRAINT `locations_ibfk_1` FOREIGN KEY (`company_id`) REFERENCES `company_details` (`id`) ON DELETE CASCADE;

--
-- Constraints for table `module_actions`
--
ALTER TABLE `module_actions`
  ADD CONSTRAINT `module_actions_ibfk_1` FOREIGN KEY (`module_id`) REFERENCES `module` (`module_id`) ON DELETE CASCADE,
  ADD CONSTRAINT `module_actions_ibfk_2` FOREIGN KEY (`action_id`) REFERENCES `actions` (`action_id`) ON DELETE CASCADE;

--
-- Constraints for table `overtime_rules`
--
ALTER TABLE `overtime_rules`
  ADD CONSTRAINT `overtime_rules_ibfk_1` FOREIGN KEY (`company_id`) REFERENCES `company_details` (`id`) ON DELETE CASCADE,
  ADD CONSTRAINT `overtime_rules_ibfk_2` FOREIGN KEY (`created_by`) REFERENCES `company_employees` (`id`) ON DELETE SET NULL;

--
-- Constraints for table `role_module_actions`
--
ALTER TABLE `role_module_actions`
  ADD CONSTRAINT `role_module_actions_ibfk_2` FOREIGN KEY (`module_action_Id`) REFERENCES `module_actions` (`module_action_Id`) ON DELETE CASCADE,
  ADD CONSTRAINT `role_module_actions_ibfk_3` FOREIGN KEY (`role_Id`) REFERENCES `roles` (`role_id`) ON DELETE CASCADE;

--
-- Constraints for table `salary_statement_history`
--
ALTER TABLE `salary_statement_history`
  ADD CONSTRAINT `salary_statement_history_ibfk_1` FOREIGN KEY (`company_id`) REFERENCES `company_details` (`id`) ON DELETE CASCADE,
  ADD CONSTRAINT `salary_statement_history_ibfk_2` FOREIGN KEY (`generated_by`) REFERENCES `company_employees` (`id`) ON DELETE SET NULL,
  ADD CONSTRAINT `salary_statement_history_ibfk_3` FOREIGN KEY (`company_id`) REFERENCES `company_details` (`id`) ON DELETE CASCADE;

--
-- Constraints for table `salary_statement_master`
--
ALTER TABLE `salary_statement_master`
  ADD CONSTRAINT `salary_statement_master_ibfk_1` FOREIGN KEY (`company_id`) REFERENCES `company_details` (`id`) ON DELETE CASCADE;

--
-- Constraints for table `users`
--
ALTER TABLE `users`
  ADD CONSTRAINT `users_ibfk_1` FOREIGN KEY (`department_id`) REFERENCES `departments` (`id`) ON DELETE SET NULL,
  ADD CONSTRAINT `users_ibfk_3` FOREIGN KEY (`user_shift_id`) REFERENCES `user_shift` (`id`) ON DELETE SET NULL,
  ADD CONSTRAINT `users_ibfk_4` FOREIGN KEY (`role_id`) REFERENCES `roles` (`role_id`);

--
-- Constraints for table `user_inout`
--
ALTER TABLE `user_inout`
  ADD CONSTRAINT `user_inout_ibfk_1` FOREIGN KEY (`user_id`) REFERENCES `company_employees` (`id`) ON DELETE CASCADE,
  ADD CONSTRAINT `user_inout_ibfk_2` FOREIGN KEY (`location_id`) REFERENCES `locations` (`id`) ON DELETE CASCADE,
  ADD CONSTRAINT `user_inout_ibfk_3` FOREIGN KEY (`company_id`) REFERENCES `company_details` (`id`) ON DELETE CASCADE;

--
-- Constraints for table `weekly_off`
--
ALTER TABLE `weekly_off`
  ADD CONSTRAINT `weekly_off_ibfk_1` FOREIGN KEY (`created_by`) REFERENCES `company_employees` (`id`) ON DELETE SET NULL,
  ADD CONSTRAINT `weekly_off_ibfk_2` FOREIGN KEY (`company_id`) REFERENCES `company_details` (`id`) ON DELETE CASCADE;
COMMIT;

/*!40101 SET CHARACTER_SET_CLIENT=@OLD_CHARACTER_SET_CLIENT */;
/*!40101 SET CHARACTER_SET_RESULTS=@OLD_CHARACTER_SET_RESULTS */;
/*!40101 SET COLLATION_CONNECTION=@OLD_COLLATION_CONNECTION */;
